latitude,longitude,bright_ti4,scan,track,acq_date,acq_time,satellite,confidence,version,bright_ti5,frp,daynight
20.72531,99.80048,330.11,0.37,0.58,2026-09-24,0559,N20,nominal,2.0NRT,292.07,2.09,D
20.72478,99.80077,328.17,0.37,0.58,2026-09-24,0559,N20,nominal,2.0NRT,292.07,1.9,D
20.92142,98.48306,349.32,0.45,0.63,2026-09-24,0559,N20,nominal,2.0NRT,293.93,6.01,D
22.19024,101.98527,338.56,0.5,0.49,2026-09-24,0559,N20,nominal,2.0NRT,295.36,10.09,D
22.29828,101.69938,338.51,0.52,0.5,2026-09-24,0559,N20,nominal,2.0NRT,292.94,7.83,D
22.628,100.06505,367,0.33,0.55,2026-09-24,0559,N20,high,2.0NRT,294,5.18,D
22.60822,99.7818,326.67,0.34,0.56,2026-09-24,0559,N20,nominal,2.0NRT,288.46,1.85,D
23.4891,98.90525,332.89,0.37,0.58,2026-09-24,0559,N20,nominal,2.0NRT,297.52,4.77,D
19.70341,100.6037,328.4,0.35,0.56,2026-09-24,0559,N20,nominal,2.0NRT,290.9,2.55,D
19.70563,100.60242,331.76,0.35,0.56,2026-09-24,0559,N20,nominal,2.0NRT,291.02,2.07,D
20.10115,100.17856,330.51,0.36,0.57,2026-09-24,0559,N20,nominal,2.0NRT,292.33,2.25,D
19.90976,99.25987,325.31,0.42,0.61,2026-09-24,0559,N20,nominal,2.0NRT,291.93,5.03,D
26.49527,101.47923,342.47,0.45,0.47,2026-09-24,0601,N20,nominal,2.0NRT,299.59,7.47,D
26.49947,101.4782,337.7,0.45,0.47,2026-09-24,0601,N20,nominal,2.0NRT,297.3,6.33,D
39.84306,98.27269,331.85,0.55,0.42,2026-09-24,0603,N20,low,2.0NRT,305.11,2.03,D
23.11121,75.7177,337.06,0.55,0.51,2026-09-24,0741,N20,nominal,2.0NRT,302.47,3.16,D
23.58516,72.11846,332.35,0.45,0.63,2026-09-24,0741,N20,nominal,2.0NRT,298.06,2.66,D
23.10466,69.92244,334.75,0.63,0.72,2026-09-24,0741,N20,nominal,2.0NRT,299.96,4.76,D
25.84487,76.41708,331.06,0.44,0.46,2026-09-24,0741,N20,low,2.0NRT,304.81,2.11,D
27.61293,69.473,367,0.53,0.67,2026-09-24,0744,N20,high,2.0NRT,309.35,24.32,D
27.61162,69.46782,349.06,0.53,0.67,2026-09-24,0744,N20,nominal,2.0NRT,311.66,24.32,D
29.09044,75.95024,341.24,0.41,0.45,2026-09-24,0744,N20,nominal,2.0NRT,301.63,4.5,D
27.61392,69.47416,341.99,0.53,0.67,2026-09-24,0744,N20,nominal,2.0NRT,309.25,24.72,D
27.61258,69.46897,349.81,0.53,0.67,2026-09-24,0744,N20,nominal,2.0NRT,313.52,24.72,D
30.27989,76.27377,332.82,0.56,0.43,2026-09-24,0744,N20,nominal,2.0NRT,298.72,5.97,D
29.65374,72.13364,333.91,0.33,0.55,2026-09-24,0744,N20,nominal,2.0NRT,300.33,1.4,D
30.37814,75.27622,330.01,0.42,0.45,2026-09-24,0744,N20,nominal,2.0NRT,298.97,2.54,D
31.11028,77.44234,340.21,0.48,0.4,2026-09-24,0744,N20,nominal,2.0NRT,302.14,6.06,D
30.5755,73.79058,334.23,0.5,0.49,2026-09-24,0744,N20,nominal,2.0NRT,301.28,3.96,D
29.98539,70.75997,339.66,0.39,0.59,2026-09-24,0744,N20,nominal,2.0NRT,299.84,2.69,D
31.09416,74.65594,330.7,0.44,0.46,2026-09-24,0744,N20,nominal,2.0NRT,297.91,2.82,D
31.04923,74.23954,334.76,0.46,0.47,2026-09-24,0744,N20,nominal,2.0NRT,298.6,2.54,D
31.36733,74.5506,331.83,0.44,0.46,2026-09-24,0744,N20,nominal,2.0NRT,298.47,2.73,D
31.90613,74.66639,333.73,0.42,0.45,2026-09-24,0744,N20,nominal,2.0NRT,295.92,2.5,D
31.90359,74.66436,330.68,0.42,0.45,2026-09-24,0744,N20,nominal,2.0NRT,294.48,2.42,D
31.39401,72.15036,334.11,0.6,0.53,2026-09-24,0744,N20,nominal,2.0NRT,297.69,5.15,D
32.16898,75.31062,367,0.39,0.44,2026-09-24,0744,N20,high,2.0NRT,300.46,10.83,D
33.79351,74.92664,327.1,0.57,0.43,2026-09-24,0744,N20,low,2.0NRT,300,4.77,D
38.04982,67.2658,350.68,0.38,0.59,2026-09-24,0746,N20,nominal,2.0NRT,309.66,5.23,D
38.04755,67.26765,335.61,0.38,0.59,2026-09-24,0746,N20,low,2.0NRT,307.52,2.52,D
38.05277,67.26571,333.9,0.38,0.59,2026-09-24,0746,N20,low,2.0NRT,307.15,2.52,D
37.75732,64.6719,367,0.53,0.67,2026-09-24,0746,N20,high,2.0NRT,302.34,6.64,D
39.40102,63.27099,353.8,0.56,0.69,2026-09-24,0746,N20,nominal,2.0NRT,308.13,6.11,D
39.39837,63.27089,351.26,0.56,0.69,2026-09-24,0746,N20,nominal,2.0NRT,308.21,4.94,D
19.36909,71.35644,339.97,0.62,0.72,2026-09-24,0739,N20,nominal,2.0NRT,291.9,7.22,D
25.59876,54.4258,331.89,0.45,0.39,2026-09-24,0924,N20,nominal,2.0NRT,303.33,1.75,D
27.62099,68.40887,335.66,0.44,0.62,2026-09-24,0924,N20,nominal,2.0NRT,303.46,6.89,D
27.62674,68.40839,353.62,0.44,0.62,2026-09-24,0924,N20,nominal,2.0NRT,303.33,8.23,D
27.6264,68.40393,331.81,0.44,0.62,2026-09-24,0924,N20,low,2.0NRT,304.01,6.6,D
27.61595,68.40544,334.89,0.44,0.62,2026-09-24,0924,N20,nominal,2.0NRT,304,6.82,D
27.62203,68.40942,341.69,0.44,0.62,2026-09-24,0924,N20,nominal,2.0NRT,303.57,7.6,D
27.62778,68.40892,330.29,0.44,0.62,2026-09-24,0924,N20,low,2.0NRT,302.89,4.86,D
27.62747,68.40445,342.32,0.44,0.62,2026-09-24,0924,N20,nominal,2.0NRT,304.23,6.4,D
28.05044,69.37144,337.88,0.51,0.66,2026-09-24,0924,N20,nominal,2.0NRT,304.58,3.48,D
29.93578,69.95001,340.9,0.57,0.69,2026-09-24,0924,N20,nominal,2.0NRT,300.12,4.85,D
29.93737,69.9495,340.45,0.57,0.69,2026-09-24,0924,N20,nominal,2.0NRT,300.26,4.16,D
29.9888,55.8562,345.92,0.39,0.36,2026-09-24,0926,N20,nominal,2.0NRT,318.99,8.02,D
31.84904,54.28579,345.31,0.4,0.37,2026-09-24,0926,N20,nominal,2.0NRT,318.69,5.09,D
37.03365,62.41982,342.09,0.49,0.49,2026-09-24,0926,N20,nominal,2.0NRT,310.42,8.31,D
37.42682,62.29827,337.59,0.49,0.48,2026-09-24,0926,N20,nominal,2.0NRT,303.47,3.2,D
37.30336,60.82202,337.24,0.41,0.45,2026-09-24,0926,N20,low,2.0NRT,310.42,4.39,D
37.60707,61.60761,336.1,0.45,0.47,2026-09-24,0926,N20,low,2.0NRT,309.7,2.75,D
36.83,54.58685,331.28,0.38,0.36,2026-09-24,0926,N20,low,2.0NRT,304.69,1.96,D
37.78841,62.53796,337.51,0.51,0.49,2026-09-24,0926,N20,low,2.0NRT,310.91,3.39,D
36.92731,54.82606,335.26,0.39,0.36,2026-09-24,0926,N20,nominal,2.0NRT,305.66,1.64,D
36.94347,54.88882,341.55,0.39,0.36,2026-09-24,0926,N20,nominal,2.0NRT,309.59,4.87,D
36.87322,54.37884,334.13,0.38,0.36,2026-09-24,0926,N20,nominal,2.0NRT,306.11,1.26,D
36.87715,54.38232,335.44,0.38,0.36,2026-09-24,0926,N20,low,2.0NRT,306.06,2.01,D
36.94126,54.78296,339.41,0.38,0.36,2026-09-24,0926,N20,nominal,2.0NRT,307.72,3.93,D
36.86272,54.26643,332.55,0.38,0.36,2026-09-24,0926,N20,nominal,2.0NRT,306.66,2.61,D
36.86206,54.26217,333.41,0.38,0.36,2026-09-24,0926,N20,nominal,2.0NRT,307.96,3.82,D
36.96711,54.88782,337.91,0.39,0.36,2026-09-24,0926,N20,low,2.0NRT,308.97,2.44,D
36.94616,54.68,340.87,0.38,0.36,2026-09-24,0926,N20,nominal,2.0NRT,310.53,2.31,D
36.95138,54.59979,340.31,0.38,0.36,2026-09-24,0926,N20,nominal,2.0NRT,312.37,1.67,D
37.04699,54.8523,335.84,0.39,0.36,2026-09-24,0926,N20,low,2.0NRT,309.49,0.83,D
37.12207,54.83146,335.08,0.39,0.36,2026-09-24,0926,N20,low,2.0NRT,309.97,2.59,D
37.18453,55.09343,344.54,0.39,0.36,2026-09-24,0926,N20,nominal,2.0NRT,314.39,3.21,D
37.98648,61.40109,340.63,0.44,0.46,2026-09-24,0926,N20,low,2.0NRT,311,4.28,D
37.98547,61.40419,337.1,0.44,0.46,2026-09-24,0926,N20,low,2.0NRT,311.82,3.03,D
37.98975,61.40358,342.99,0.44,0.46,2026-09-24,0926,N20,nominal,2.0NRT,312.5,3.03,D
37.34177,55.42782,346.55,0.39,0.36,2026-09-24,0928,N20,nominal,2.0NRT,310.06,5.13,D
37.84258,58.99392,342.08,0.51,0.41,2026-09-24,0928,N20,nominal,2.0NRT,311.21,5.61,D
37.8425,58.99176,341.2,0.51,0.41,2026-09-24,0928,N20,nominal,2.0NRT,312.9,5.38,D
37.64622,55.64041,347.81,0.4,0.37,2026-09-24,0928,N20,low,2.0NRT,319.1,9.41,D
37.64561,55.63602,348.57,0.4,0.37,2026-09-24,0928,N20,low,2.0NRT,318.61,11.2,D
39.39787,63.26866,350.98,0.58,0.52,2026-09-24,0928,N20,nominal,2.0NRT,312.27,10.6,D
39.3971,63.26841,348.89,0.58,0.52,2026-09-24,0928,N20,nominal,2.0NRT,312.21,9.53,D
38.94048,56.4539,334.99,0.42,0.38,2026-09-24,0928,N20,low,2.0NRT,306.93,2.95,D
38.97482,56.44661,347.99,0.42,0.38,2026-09-24,0928,N20,nominal,2.0NRT,308.07,5.65,D
39.09752,56.42257,338.16,0.42,0.38,2026-09-24,0928,N20,nominal,2.0NRT,308.7,2.62,D
39.10095,56.42184,343.09,0.42,0.38,2026-09-24,0928,N20,nominal,2.0NRT,309.66,7.18,D
39.24752,56.0741,340.6,0.41,0.37,2026-09-24,0928,N20,low,2.0NRT,311.09,9.02,D
39.29544,56.17178,348.72,0.42,0.37,2026-09-24,0928,N20,nominal,2.0NRT,310.46,5.94,D
39.29822,56.16625,340.11,0.42,0.37,2026-09-24,0928,N20,nominal,2.0NRT,308.68,4.32,D
39.29895,55.51853,349.22,0.4,0.37,2026-09-24,0928,N20,nominal,2.0NRT,311.55,9.47,D
39.30502,55.51239,339.99,0.4,0.37,2026-09-24,0928,N20,low,2.0NRT,312.82,18.35,D
12.67554,54.09509,340.6,0.49,0.49,2026-09-24,0920,N20,nominal,2.0NRT,305.2,5.12,D
19.36828,71.35669,345.27,0.55,0.68,2026-09-24,0922,N20,nominal,2.0NRT,292.47,7.73,D
23.09989,69.92151,333.55,0.49,0.65,2026-09-24,0922,N20,nominal,2.0NRT,301.17,2.14,D
23.15752,70.11012,353.69,0.5,0.66,2026-09-24,0922,N20,nominal,2.0NRT,301.03,8.02,D
24.17634,68.01884,332,0.38,0.59,2026-09-24,0922,N20,low,2.0NRT,306.09,1.77,D
24.57904,67.96497,339.57,0.38,0.59,2026-09-24,0922,N20,nominal,2.0NRT,302.79,3.55,D
24.82227,68.07066,351.32,0.39,0.59,2026-09-24,0924,N20,nominal,2.0NRT,305.02,5.68,D
24.84471,67.74281,338.95,0.37,0.58,2026-09-24,0924,N20,nominal,2.0NRT,305.52,2.32,D
25.94217,72.20272,330.22,0.73,0.76,2026-09-24,0924,N20,low,2.0NRT,302.52,3.65,D
25.828,66.57807,335.32,0.32,0.55,2026-09-24,0924,N20,nominal,2.0NRT,304.29,1.97,D
25.82771,66.57485,332.82,0.32,0.55,2026-09-24,0924,N20,low,2.0NRT,304.31,1.97,D
24.50817,54.01718,332.38,0.48,0.4,2026-09-24,0924,N20,nominal,2.0NRT,304.82,2.46,D
24.50811,54.01821,334.28,0.48,0.4,2026-09-24,0924,N20,nominal,2.0NRT,304.78,3.19,D
39.84478,98.27077,314.98,0.62,0.72,2026-09-24,1824,N20,nominal,2.0NRT,283.23,2.02,N
27.49873,101.37711,295.41,0.32,0.55,2026-09-24,1828,N20,nominal,2.0NRT,277.31,0.54,N
26.6213,101.44913,295.82,0.62,0.54,2026-09-24,1828,N20,nominal,2.0NRT,278.95,2.56,N
26.62065,101.45613,297.86,0.62,0.54,2026-09-24,1828,N20,nominal,2.0NRT,282.04,1.62,N
26.35065,100.63236,297.67,0.35,0.57,2026-09-24,1828,N20,nominal,2.0NRT,281.85,1.45,N
25.78492,100.37318,296.51,0.36,0.57,2026-09-24,1828,N20,nominal,2.0NRT,277.07,0.4,N
25.5381,100.57872,299.77,0.34,0.56,2026-09-24,1828,N20,nominal,2.0NRT,280.29,0.52,N
25.44546,100.54681,297.55,0.34,0.56,2026-09-24,1828,N20,nominal,2.0NRT,279.85,0.47,N
25.38171,99.30058,299.72,0.41,0.61,2026-09-24,1828,N20,nominal,2.0NRT,278.66,0.66,N
25.07183,99.28523,298.54,0.41,0.61,2026-09-24,1828,N20,nominal,2.0NRT,281.5,0.87,N
25.07343,99.28172,295.65,0.41,0.61,2026-09-24,1828,N20,nominal,2.0NRT,280.74,0.73,N
23.90881,100.00546,296.6,0.36,0.57,2026-09-24,1828,N20,nominal,2.0NRT,275.56,0.64,N
23.01825,101.06864,299.66,0.6,0.53,2026-09-24,1828,N20,nominal,2.0NRT,287.6,0.92,N
22.35802,96.70052,297.33,0.56,0.69,2026-09-24,1828,N20,nominal,2.0NRT,279.71,0.81,N
21.79269,97.04155,303.51,0.53,0.67,2026-09-24,1828,N20,nominal,2.0NRT,284.82,0.84,N
21.79337,97.04552,304,0.52,0.67,2026-09-24,1828,N20,nominal,2.0NRT,285.47,1.23,N
20.80878,98.40462,300.82,0.42,0.61,2026-09-24,1828,N20,nominal,2.0NRT,285.72,0.53,N
39.86097,98.25522,298.8,0.54,0.5,2026-09-24,2004,N20,nominal,2.0NRT,285.65,1.65,N
39.84172,98.27361,325.04,0.54,0.51,2026-09-24,2004,N20,nominal,2.0NRT,283.72,3.12,N
39.84253,98.27227,319.13,0.54,0.51,2026-09-24,2004,N20,nominal,2.0NRT,284.17,3.1,N
39.81296,98.29321,300.74,0.54,0.51,2026-09-24,2004,N20,nominal,2.0NRT,288.69,2.32,N
39.81147,98.29932,299.52,0.54,0.51,2026-09-24,2004,N20,nominal,2.0NRT,289.07,1.61,N
39.79219,98.29786,306.36,0.54,0.51,2026-09-24,2004,N20,nominal,2.0NRT,284.47,1.02,N
39.56575,98.88416,295.92,0.59,0.53,2026-09-24,2004,N20,nominal,2.0NRT,281.42,0.88,N
39.5655,98.8857,296.09,0.59,0.53,2026-09-24,2004,N20,nominal,2.0NRT,281.73,0.65,N
38.85178,100.8105,295.24,0.38,0.59,2026-09-24,2004,N20,nominal,2.0NRT,283.77,0.71,N
39.84326,82.87994,306.73,0.56,0.43,2026-09-24,2004,N20,nominal,2.0NRT,284.39,1.26,N
38.92316,88.32359,300.45,0.38,0.36,2026-09-24,2004,N20,nominal,2.0NRT,287.35,0.57,N
38.86552,83.86057,298.67,0.49,0.4,2026-09-24,2006,N20,nominal,2.0NRT,272.95,0.5,N
11.55362,77.24593,308.43,0.51,0.41,2026-09-24,2014,N20,nominal,2.0NRT,271.48,1.51,N
36.9525,80.30505,296.55,0.46,0.47,2026-09-24,2006,N20,nominal,2.0NRT,284.78,0.67,N
32.30355,74.31743,312.01,0.46,0.63,2026-09-24,2008,N20,nominal,2.0NRT,291.26,1.8,N
32.29797,74.31199,303.92,0.46,0.63,2026-09-24,2008,N20,nominal,2.0NRT,291.46,1.46,N
32.30461,74.31501,312.79,0.46,0.63,2026-09-24,2008,N20,nominal,2.0NRT,291.05,2.2,N
31.61731,74.37303,305.24,0.45,0.63,2026-09-24,2008,N20,nominal,2.0NRT,292.51,0.73,N
24.91698,99.09555,295.53,0.7,0.75,2026-09-24,2008,N20,nominal,2.0NRT,281.27,2.28,N
28.7086,76.85249,305.02,0.59,0.53,2026-09-24,2008,N20,nominal,2.0NRT,294.56,1.15,N
28.71004,76.85292,304.97,0.59,0.53,2026-09-24,2008,N20,nominal,2.0NRT,294.45,2.17,N
28.34856,77.23132,307.67,0.55,0.51,2026-09-24,2008,N20,nominal,2.0NRT,294.1,0.87,N
21.79284,97.04283,311.54,0.61,0.71,2026-09-24,2010,N20,nominal,2.0NRT,275.96,1.88,N
22.47387,91.7338,304.14,0.55,0.51,2026-09-24,2010,N20,nominal,2.0NRT,277.44,1.07,N
24.76594,74.60468,309.21,0.37,0.58,2026-09-24,2010,N20,nominal,2.0NRT,293.31,1.1,N
24.66301,74.63254,305.33,0.36,0.58,2026-09-24,2010,N20,nominal,2.0NRT,294.24,1.32,N
24.66439,74.63258,305.09,0.36,0.58,2026-09-24,2010,N20,nominal,2.0NRT,294.22,1.44,N
21.11178,72.63314,312.71,0.45,0.63,2026-09-24,2010,N20,nominal,2.0NRT,294.26,5.36,N
21.11055,72.64613,307.98,0.44,0.63,2026-09-24,2010,N20,nominal,2.0NRT,293.7,2.93,N
21.10598,72.63249,353.9,0.45,0.63,2026-09-24,2010,N20,nominal,2.0NRT,293.02,5.36,N
21.10558,72.63684,324.14,0.45,0.63,2026-09-24,2010,N20,nominal,2.0NRT,293.42,6.44,N
21.10517,72.64117,326.59,0.45,0.63,2026-09-24,2010,N20,nominal,2.0NRT,292.64,6.44,N
21.10476,72.6455,323.23,0.44,0.63,2026-09-24,2010,N20,nominal,2.0NRT,292.86,2.93,N
18.53758,74.23166,297.17,0.33,0.55,2026-09-24,2012,N20,nominal,2.0NRT,268.62,0.27,N
18.53849,74.2337,295.36,0.33,0.55,2026-09-24,2012,N20,nominal,2.0NRT,268.45,0.43,N
17.06264,76.97691,302.89,0.41,0.45,2026-09-24,2012,N20,nominal,2.0NRT,281.92,0.75,N
39.85545,66.19815,303.49,0.42,0.37,2026-09-24,2146,N20,nominal,2.0NRT,286.62,1.01,N
39.17841,68.61311,296.77,0.52,0.41,2026-09-24,2146,N20,nominal,2.0NRT,279.01,0.94,N
39.18896,65.28833,302.57,0.4,0.37,2026-09-24,2146,N20,nominal,2.0NRT,289.64,0.86,N
39.18489,65.31126,308,0.4,0.37,2026-09-24,2146,N20,nominal,2.0NRT,286.27,0.82,N
39.18338,65.31334,314.28,0.4,0.37,2026-09-24,2146,N20,nominal,2.0NRT,286.87,1.19,N
38.39713,69.11282,299.08,0.56,0.43,2026-09-24,2146,N20,nominal,2.0NRT,288.48,0.87,N
39.43258,62.994,315,0.38,0.36,2026-09-24,2146,N20,nominal,2.0NRT,286.67,1.16,N
39.35329,63.23987,296.46,0.38,0.36,2026-09-24,2146,N20,nominal,2.0NRT,285.9,0.5,N
39.34019,63.23645,297.18,0.38,0.36,2026-09-24,2146,N20,nominal,2.0NRT,285.31,0.21,N
39.28476,63.04611,308.66,0.38,0.36,2026-09-24,2146,N20,nominal,2.0NRT,287.19,1.27,N
39.27238,63.12545,296.96,0.38,0.36,2026-09-24,2146,N20,nominal,2.0NRT,285.25,0.61,N
39.19397,63.5769,297,0.38,0.36,2026-09-24,2146,N20,nominal,2.0NRT,284.96,0.44,N
39.24874,63.21096,306.15,0.38,0.36,2026-09-24,2146,N20,nominal,2.0NRT,284.9,1.29,N
39.25169,63.17049,297.34,0.38,0.36,2026-09-24,2146,N20,nominal,2.0NRT,284.09,0.36,N
39.17689,63.57696,299.3,0.38,0.36,2026-09-24,2146,N20,nominal,2.0NRT,283.52,0.33,N
39.2044,63.25438,300.04,0.38,0.36,2026-09-24,2146,N20,nominal,2.0NRT,286.29,0.27,N
39.18652,63.34586,300.15,0.38,0.36,2026-09-24,2146,N20,nominal,2.0NRT,284.98,0.33,N
39.19323,63.28065,304.28,0.38,0.36,2026-09-24,2146,N20,nominal,2.0NRT,286.21,0.81,N
39.18208,63.35099,299.23,0.38,0.36,2026-09-24,2146,N20,nominal,2.0NRT,285.69,0.88,N
39.15991,63.4688,306.65,0.38,0.36,2026-09-24,2146,N20,nominal,2.0NRT,285.79,1.1,N
39.13594,63.61825,305.22,0.38,0.36,2026-09-24,2146,N20,nominal,2.0NRT,285.17,0.55,N
39.19658,63.19454,297.37,0.38,0.36,2026-09-24,2146,N20,nominal,2.0NRT,284.67,0.44,N
39.19451,63.20773,298.19,0.38,0.36,2026-09-24,2146,N20,nominal,2.0NRT,284.95,0.56,N
39.17296,63.34402,296.88,0.38,0.36,2026-09-24,2146,N20,nominal,2.0NRT,284.97,0.46,N
39.17845,63.24473,302.18,0.38,0.36,2026-09-24,2146,N20,nominal,2.0NRT,285.38,0.65,N
39.1722,63.28431,300.6,0.38,0.36,2026-09-24,2146,N20,nominal,2.0NRT,286.56,1.01,N
39.17031,63.27467,321.95,0.38,0.36,2026-09-24,2146,N20,nominal,2.0NRT,286.39,1.38,N
39.17864,63.2219,309.31,0.38,0.36,2026-09-24,2146,N20,nominal,2.0NRT,286.55,0.97,N
39.15428,63.37575,299.7,0.38,0.36,2026-09-24,2146,N20,nominal,2.0NRT,283.91,0.41,N
39.16982,63.25621,313.59,0.38,0.36,2026-09-24,2146,N20,nominal,2.0NRT,287.32,1.04,N
39.16912,63.26061,305.12,0.38,0.36,2026-09-24,2146,N20,nominal,2.0NRT,285.6,1.04,N
39.16585,63.25976,311.08,0.38,0.36,2026-09-24,2146,N20,nominal,2.0NRT,286.74,1.04,N
39.15681,63.31691,311.11,0.38,0.36,2026-09-24,2146,N20,nominal,2.0NRT,285.42,1.08,N
39.13162,63.47508,297.67,0.38,0.36,2026-09-24,2146,N20,nominal,2.0NRT,285.71,0.41,N
39.12718,63.46017,295.92,0.38,0.36,2026-09-24,2146,N20,nominal,2.0NRT,284.01,0.18,N
39.13022,63.41977,313.26,0.38,0.36,2026-09-24,2146,N20,nominal,2.0NRT,285.78,1.14,N
39.11736,63.39351,303.93,0.38,0.36,2026-09-24,2146,N20,nominal,2.0NRT,284.97,0.98,N
39.12804,63.30481,314.1,0.38,0.36,2026-09-24,2146,N20,nominal,2.0NRT,285.69,0.77,N
39.11661,63.33384,307.41,0.38,0.36,2026-09-24,2146,N20,nominal,2.0NRT,286.71,1.01,N
39.08812,63.49107,303.36,0.38,0.36,2026-09-24,2146,N20,nominal,2.0NRT,285.61,0.83,N
39.09328,63.43752,296.12,0.38,0.36,2026-09-24,2146,N20,nominal,2.0NRT,285.57,0.42,N
39.05482,63.44323,316.48,0.38,0.36,2026-09-24,2146,N20,nominal,2.0NRT,285.92,1.39,N
38.94238,64.13377,296.74,0.39,0.36,2026-09-24,2146,N20,nominal,2.0NRT,285.18,0.94,N
38.95658,63.75583,304.7,0.39,0.36,2026-09-24,2146,N20,nominal,2.0NRT,285.41,0.61,N
38.98954,63.5312,300.47,0.38,0.36,2026-09-24,2146,N20,nominal,2.0NRT,286.24,0.4,N
38.96331,63.69348,314.3,0.39,0.36,2026-09-24,2146,N20,nominal,2.0NRT,285.77,1.26,N
38.98793,63.49878,296.91,0.38,0.36,2026-09-24,2146,N20,nominal,2.0NRT,284.67,0.41,N
38.97309,63.59089,303.07,0.38,0.36,2026-09-24,2146,N20,nominal,2.0NRT,285.79,0.69,N
38.55157,65.94971,304.55,0.42,0.38,2026-09-24,2146,N20,nominal,2.0NRT,286.9,0.87,N
38.97578,63.46816,304.71,0.38,0.36,2026-09-24,2146,N20,nominal,2.0NRT,286.55,0.98,N
38.91777,63.80506,303.1,0.39,0.36,2026-09-24,2146,N20,nominal,2.0NRT,284.59,0.76,N
38.90939,63.79364,307.84,0.39,0.36,2026-09-24,2146,N20,nominal,2.0NRT,285.08,0.67,N
38.87487,63.79528,304.15,0.39,0.36,2026-09-24,2146,N20,nominal,2.0NRT,284.03,0.72,N
38.87088,63.7988,308.69,0.39,0.36,2026-09-24,2146,N20,nominal,2.0NRT,285.68,1.21,N
38.84082,63.87788,296.68,0.39,0.36,2026-09-24,2146,N20,nominal,2.0NRT,284.8,0.42,N
38.83708,63.81726,313.05,0.39,0.36,2026-09-24,2146,N20,nominal,2.0NRT,285.65,0.87,N
38.83452,63.81199,297.19,0.39,0.36,2026-09-24,2146,N20,nominal,2.0NRT,286.8,0.44,N
38.66854,64.77744,296.92,0.4,0.37,2026-09-24,2146,N20,nominal,2.0NRT,284.84,0.22,N
38.78696,63.91388,302.65,0.39,0.36,2026-09-24,2146,N20,nominal,2.0NRT,283.96,0.61,N
38.45403,65.80334,296.73,0.42,0.38,2026-09-24,2146,N20,nominal,2.0NRT,285.59,0.53,N
38.60418,64.7569,299.67,0.4,0.37,2026-09-24,2146,N20,nominal,2.0NRT,286.79,0.76,N
38.05338,67.26498,328.19,0.48,0.4,2026-09-24,2146,N20,nominal,2.0NRT,286.81,2.23,N
38.65279,63.98089,307.04,0.39,0.36,2026-09-24,2146,N20,nominal,2.0NRT,284.67,0.95,N
38.04979,67.26389,301.84,0.48,0.4,2026-09-24,2146,N20,nominal,2.0NRT,287.27,1.08,N
38.05329,67.26376,328.88,0.48,0.4,2026-09-24,2146,N20,nominal,2.0NRT,287.75,4.52,N
38.49386,64.13561,296.33,0.39,0.36,2026-09-24,2146,N20,nominal,2.0NRT,285.98,0.36,N
38.43268,64.19277,302.64,0.39,0.36,2026-09-24,2146,N20,nominal,2.0NRT,284.82,0.36,N
38.13199,65.46884,296.89,0.42,0.37,2026-09-24,2146,N20,nominal,2.0NRT,283.3,1.17,N
38.28427,64.38068,295.9,0.39,0.36,2026-09-24,2146,N20,nominal,2.0NRT,285.03,0.53,N
39.51065,54.32661,305.57,0.53,0.5,2026-09-24,2146,N20,nominal,2.0NRT,293.67,0.99,N
38.24646,64.43995,300.89,0.39,0.37,2026-09-24,2146,N20,nominal,2.0NRT,285.17,0.66,N
38.16611,64.59251,297.36,0.4,0.37,2026-09-24,2146,N20,nominal,2.0NRT,284.64,0.41,N
38.13074,64.67641,305.6,0.4,0.37,2026-09-24,2146,N20,nominal,2.0NRT,285.81,0.62,N
38.11983,64.73918,303.16,0.4,0.37,2026-09-24,2146,N20,nominal,2.0NRT,284.86,0.83,N
39.32389,55.52363,302.09,0.46,0.47,2026-09-24,2146,N20,nominal,2.0NRT,288.62,0.74,N
38.08955,64.87238,298.5,0.4,0.37,2026-09-24,2146,N20,nominal,2.0NRT,284.06,0.35,N
38.05558,64.88656,305.55,0.4,0.37,2026-09-24,2146,N20,nominal,2.0NRT,285.42,0.92,N
38.05239,64.90462,313.46,0.4,0.37,2026-09-24,2146,N20,nominal,2.0NRT,285.13,1.53,N
37.97021,65.04536,305.14,0.41,0.37,2026-09-24,2146,N20,nominal,2.0NRT,284.73,0.68,N
37.93848,65.22378,300.58,0.41,0.37,2026-09-24,2146,N20,nominal,2.0NRT,284.78,0.71,N
37.87321,65.25198,298.52,0.41,0.37,2026-09-24,2146,N20,nominal,2.0NRT,284.9,0.69,N
39.09402,56.41962,296.31,0.41,0.45,2026-09-24,2146,N20,nominal,2.0NRT,286.31,0.34,N
37.88821,65.08767,300.95,0.41,0.37,2026-09-24,2146,N20,nominal,2.0NRT,285.46,0.66,N
37.83004,65.17697,309.43,0.41,0.37,2026-09-24,2146,N20,nominal,2.0NRT,285.47,0.85,N
37.82414,65.17047,312.65,0.41,0.37,2026-09-24,2146,N20,nominal,2.0NRT,285.06,1.34,N
37.79101,65.35483,295.1,0.42,0.37,2026-09-24,2146,N20,nominal,2.0NRT,284.1,0.71,N
37.81832,65.18328,297.5,0.41,0.37,2026-09-24,2146,N20,nominal,2.0NRT,285.6,0.32,N
37.78763,65.35387,298.06,0.42,0.37,2026-09-24,2146,N20,nominal,2.0NRT,283.87,0.34,N
37.76657,65.43085,298.74,0.42,0.37,2026-09-24,2146,N20,nominal,2.0NRT,287.32,0.35,N
37.80322,65.18866,296.24,0.41,0.37,2026-09-24,2146,N20,nominal,2.0NRT,284.86,0.43,N
37.73093,65.50899,298.49,0.42,0.38,2026-09-24,2146,N20,nominal,2.0NRT,286.34,0.88,N
37.75895,65.21684,299.39,0.41,0.37,2026-09-24,2146,N20,nominal,2.0NRT,284.96,0.66,N
38.23168,61.35137,295.8,0.4,0.37,2026-09-24,2146,N20,nominal,2.0NRT,283.88,0.39,N
37.96323,62.6638,296.74,0.38,0.36,2026-09-24,2146,N20,nominal,2.0NRT,286.33,0.52,N
37.95995,62.66299,300.43,0.38,0.36,2026-09-24,2146,N20,nominal,2.0NRT,284.43,0.63,N
37.95927,62.66731,301.9,0.38,0.36,2026-09-24,2146,N20,nominal,2.0NRT,285.8,0.63,N
38.63076,57.08176,305.08,0.56,0.43,2026-09-24,2146,N20,nominal,2.0NRT,286.68,0.73,N
37.99163,61.87806,301.28,0.39,0.36,2026-09-24,2146,N20,nominal,2.0NRT,284.62,0.69,N
37.99097,61.88243,298.27,0.39,0.36,2026-09-24,2146,N20,nominal,2.0NRT,285.97,0.69,N
37.98372,61.88525,327.39,0.39,0.36,2026-09-24,2146,N20,nominal,2.0NRT,286.65,2.35,N
37.90394,61.98419,301.12,0.39,0.36,2026-09-24,2146,N20,nominal,2.0NRT,284.57,0.78,N
37.88814,62.02114,304.39,0.39,0.36,2026-09-24,2146,N20,nominal,2.0NRT,286.57,0.65,N
37.79731,62.54821,328.35,0.38,0.36,2026-09-24,2146,N20,nominal,2.0NRT,285.69,2.98,N
37.79664,62.55254,296.95,0.38,0.36,2026-09-24,2146,N20,nominal,2.0NRT,284.85,1.78,N
37.78882,62.53722,347.54,0.38,0.36,2026-09-24,2146,N20,nominal,2.0NRT,289.67,5.4,N
37.78373,62.52481,321.79,0.38,0.36,2026-09-24,2146,N20,nominal,2.0NRT,286.51,2.12,N
37.82807,61.99099,295.93,0.39,0.36,2026-09-24,2146,N20,nominal,2.0NRT,285.3,0.36,N
38.68076,54.31044,302.3,0.52,0.5,2026-09-24,2146,N20,nominal,2.0NRT,290.76,1.27,N
38.68027,54.31648,312.02,0.52,0.5,2026-09-24,2146,N20,nominal,2.0NRT,292.59,1.5,N
37.77735,62.10071,311.08,0.39,0.36,2026-09-24,2146,N20,nominal,2.0NRT,287.49,1.34,N
37.84459,61.60419,311.48,0.39,0.36,2026-09-24,2146,N20,nominal,2.0NRT,286.87,1.18,N
37.778,62.02868,312.79,0.39,0.36,2026-09-24,2146,N20,nominal,2.0NRT,286.85,1.33,N
38.25632,58.39014,305.28,0.49,0.4,2026-09-24,2146,N20,nominal,2.0NRT,291.8,1.34,N
38.65042,54.28174,338.36,0.52,0.5,2026-09-24,2146,N20,nominal,2.0NRT,293.69,6.44,N
37.74247,62.12834,316.53,0.39,0.36,2026-09-24,2146,N20,nominal,2.0NRT,286.81,1.77,N
37.74115,62.0715,301.57,0.39,0.36,2026-09-24,2146,N20,nominal,2.0NRT,284.95,1.27,N
37.74049,62.07585,315.86,0.39,0.36,2026-09-24,2146,N20,nominal,2.0NRT,286.43,1.37,N
38.65142,54.28167,333.79,0.52,0.5,2026-09-24,2146,N20,nominal,2.0NRT,292.33,2.58,N
37.72731,62.0952,320.42,0.39,0.36,2026-09-24,2146,N20,nominal,2.0NRT,289.64,1.8,N
38.64681,54.28104,307.25,0.52,0.5,2026-09-24,2146,N20,nominal,2.0NRT,291.01,2.58,N
37.75035,61.85236,315.01,0.39,0.36,2026-09-24,2146,N20,nominal,2.0NRT,285.66,1.3,N
37.74836,61.84284,316.04,0.39,0.36,2026-09-24,2146,N20,nominal,2.0NRT,287.84,1.21,N
37.79658,61.49458,319.04,0.39,0.36,2026-09-24,2146,N20,nominal,2.0NRT,288.69,1.64,N
37.67125,62.23901,324.78,0.39,0.36,2026-09-24,2146,N20,nominal,2.0NRT,286.59,2.1,N
37.67192,62.23468,305.26,0.39,0.36,2026-09-24,2146,N20,nominal,2.0NRT,283.49,1.01,N
37.66074,62.24094,322.65,0.39,0.36,2026-09-24,2146,N20,nominal,2.0NRT,288.4,2.32,N
37.65678,62.24447,310.96,0.39,0.36,2026-09-24,2146,N20,nominal,2.0NRT,284.9,0.75,N
38.22164,57.98823,311.25,0.51,0.41,2026-09-24,2146,N20,nominal,2.0NRT,287.94,1.24,N
37.65022,62.24288,305.87,0.39,0.36,2026-09-24,2146,N20,nominal,2.0NRT,283.94,0.59,N
38.1935,58.10059,295.6,0.5,0.41,2026-09-24,2146,N20,nominal,2.0NRT,285.08,0.82,N
37.70336,61.77782,300.56,0.39,0.36,2026-09-24,2146,N20,nominal,2.0NRT,285.48,0.47,N
37.63909,62.20427,319.58,0.39,0.36,2026-09-24,2146,N20,nominal,2.0NRT,285.33,1.83,N
37.6279,62.21054,314.53,0.39,0.36,2026-09-24,2146,N20,nominal,2.0NRT,287.3,1.51,N
37.62724,62.21487,318.52,0.39,0.36,2026-09-24,2146,N20,nominal,2.0NRT,286.71,1.51,N
37.62727,62.17,321.99,0.39,0.36,2026-09-24,2146,N20,nominal,2.0NRT,287.52,2.2,N
38.18023,57.98071,305.99,0.51,0.41,2026-09-24,2146,N20,nominal,2.0NRT,287.26,1.23,N
38.12995,58.42181,299.27,0.49,0.4,2026-09-24,2146,N20,nominal,2.0NRT,285.62,0.55,N
37.64831,62.00866,295.54,0.39,0.36,2026-09-24,2146,N20,nominal,2.0NRT,283.49,0.36,N
37.62711,62.12659,303.62,0.39,0.36,2026-09-24,2146,N20,nominal,2.0NRT,283.59,0.81,N
37.62183,62.13879,325.54,0.39,0.36,2026-09-24,2146,N20,nominal,2.0NRT,287.84,2.72,N
37.65682,61.90857,318.68,0.39,0.36,2026-09-24,2146,N20,nominal,2.0NRT,287.2,1.62,N
37.62382,62.1258,301.55,0.39,0.36,2026-09-24,2146,N20,nominal,2.0NRT,287.34,0.81,N
37.61855,62.138,327.55,0.39,0.36,2026-09-24,2146,N20,nominal,2.0NRT,289.64,2.53,N
38.17962,57.98507,306.62,0.51,0.41,2026-09-24,2146,N20,nominal,2.0NRT,286.58,0.59,N
38.12719,58.42525,299.14,0.48,0.4,2026-09-24,2146,N20,nominal,2.0NRT,285.07,0.46,N
37.65418,61.90342,298.79,0.39,0.36,2026-09-24,2146,N20,nominal,2.0NRT,285.2,0.64,N
37.65352,61.90778,303.82,0.39,0.36,2026-09-24,2146,N20,nominal,2.0NRT,287.59,0.64,N
37.62915,61.9561,299.37,0.39,0.36,2026-09-24,2146,N20,nominal,2.0NRT,285.49,0.43,N
37.60505,61.70642,305.42,0.39,0.36,2026-09-24,2146,N20,nominal,2.0NRT,284.38,0.82,N
37.616,61.60918,300.3,0.39,0.36,2026-09-24,2146,N20,nominal,2.0NRT,285.11,0.46,N
37.61787,61.57324,302.49,0.39,0.36,2026-09-24,2146,N20,nominal,2.0NRT,285.81,0.66,N
37.55146,62.01854,295.14,0.39,0.36,2026-09-24,2146,N20,nominal,2.0NRT,284.74,0.24,N
37.61003,61.60324,328.34,0.39,0.36,2026-09-24,2146,N20,nominal,2.0NRT,291.36,2.93,N
37.60939,61.60763,328.04,0.39,0.36,2026-09-24,2146,N20,nominal,2.0NRT,290.46,2.93,N
37.61456,61.57247,310.22,0.39,0.36,2026-09-24,2146,N20,nominal,2.0NRT,287.65,1.09,N
37.61391,61.57687,311.73,0.39,0.36,2026-09-24,2146,N20,nominal,2.0NRT,290.2,1.29,N
37.61197,61.59006,301.09,0.39,0.36,2026-09-24,2146,N20,nominal,2.0NRT,287.7,0.58,N
37.6106,61.5761,309.1,0.39,0.36,2026-09-24,2146,N20,nominal,2.0NRT,289.13,1.29,N
37.55732,61.93446,303.87,0.39,0.36,2026-09-24,2146,N20,nominal,2.0NRT,286.54,0.74,N
37.60793,61.57092,307.65,0.39,0.36,2026-09-24,2146,N20,nominal,2.0NRT,287.62,0.61,N
37.57029,61.80226,299.7,0.39,0.36,2026-09-24,2146,N20,nominal,2.0NRT,287.47,0.7,N
37.60452,61.55405,312.95,0.39,0.36,2026-09-24,2146,N20,nominal,2.0NRT,289.15,1.54,N
37.59724,61.55691,312.7,0.39,0.36,2026-09-24,2146,N20,nominal,2.0NRT,287.07,1.07,N
37.5966,61.5613,306.18,0.39,0.36,2026-09-24,2146,N20,nominal,2.0NRT,286.55,1.07,N
37.59452,61.52897,342.04,0.39,0.36,2026-09-24,2146,N20,nominal,2.0NRT,290.73,2.73,N
37.58997,61.55976,305.92,0.39,0.36,2026-09-24,2146,N20,nominal,2.0NRT,288.09,1.25,N
37.58666,61.55899,321.05,0.39,0.36,2026-09-24,2146,N20,nominal,2.0NRT,287.06,1.25,N
37.59121,61.5282,301.02,0.39,0.36,2026-09-24,2146,N20,nominal,2.0NRT,285.77,2.73,N
37.58991,61.53699,297.7,0.39,0.36,2026-09-24,2146,N20,nominal,2.0NRT,286.36,0.58,N
37.58601,61.56338,298.76,0.39,0.36,2026-09-24,2146,N20,nominal,2.0NRT,287.64,1.35,N
37.58334,61.55821,316.58,0.39,0.36,2026-09-24,2146,N20,nominal,2.0NRT,289.1,1.51,N
37.50145,61.99058,311.15,0.39,0.36,2026-09-24,2146,N20,nominal,2.0NRT,286.61,1.19,N
37.94759,58.58539,301.44,0.48,0.4,2026-09-24,2146,N20,nominal,2.0NRT,286.93,0.9,N
37.4817,62.00832,305.69,0.39,0.36,2026-09-24,2146,N20,nominal,2.0NRT,286.84,1.13,N
37.48301,61.97719,318.52,0.39,0.36,2026-09-24,2146,N20,nominal,2.0NRT,285.68,1.53,N
37.94289,58.56235,308.86,0.48,0.4,2026-09-24,2146,N20,nominal,2.0NRT,290.04,1.32,N
37.49936,61.84613,309.46,0.39,0.36,2026-09-24,2146,N20,nominal,2.0NRT,289.15,1.86,N
37.49871,61.85048,306.12,0.39,0.36,2026-09-24,2146,N20,nominal,2.0NRT,287.27,0.65,N
37.4249,62.31248,323.06,0.38,0.36,2026-09-24,2146,N20,nominal,2.0NRT,286.38,1.61,N
37.49541,61.8497,299.51,0.39,0.36,2026-09-24,2146,N20,nominal,2.0NRT,287.62,0.65,N
37.40521,62.3077,306.4,0.38,0.36,2026-09-24,2146,N20,nominal,2.0NRT,285.11,0.64,N
37.39732,62.3147,306.5,0.38,0.36,2026-09-24,2146,N20,nominal,2.0NRT,286.01,0.34,N
37.62436,60.44041,303.27,0.41,0.37,2026-09-24,2146,N20,nominal,2.0NRT,286.16,0.82,N
37.63441,60.34212,308.33,0.41,0.37,2026-09-24,2146,N20,nominal,2.0NRT,286.62,1.77,N
37.51637,61.05902,303.07,0.4,0.37,2026-09-24,2146,N20,nominal,2.0NRT,285.97,0.64,N
37.5121,61.01646,318.27,0.4,0.37,2026-09-24,2146,N20,nominal,2.0NRT,289.54,1.53,N
37.31021,62.34851,298.77,0.38,0.36,2026-09-24,2146,N20,nominal,2.0NRT,286.25,0.44,N
37.50413,61.0239,319.82,0.4,0.37,2026-09-24,2146,N20,nominal,2.0NRT,290.14,2.42,N
37.82994,58.38438,302.63,0.48,0.4,2026-09-24,2146,N20,nominal,2.0NRT,288.85,0.79,N
37.22108,62.39616,306.92,0.38,0.36,2026-09-24,2146,N20,nominal,2.0NRT,284.53,1.15,N
37.48856,60.46175,313.4,0.41,0.37,2026-09-24,2146,N20,nominal,2.0NRT,285.94,0.99,N
37.34996,61.36309,310.56,0.39,0.36,2026-09-24,2146,N20,nominal,2.0NRT,286.27,1.14,N
37.36751,61.05146,297.95,0.4,0.37,2026-09-24,2146,N20,nominal,2.0NRT,285.71,0.45,N
37.32964,61.08604,306.68,0.4,0.37,2026-09-24,2146,N20,nominal,2.0NRT,287.51,0.71,N
37.32835,61.09494,310.71,0.4,0.37,2026-09-24,2146,N20,nominal,2.0NRT,287.16,1.04,N
37.12032,62.36423,327.52,0.38,0.36,2026-09-24,2146,N20,nominal,2.0NRT,288.37,2.67,N
37.11704,62.36343,310.55,0.38,0.36,2026-09-24,2146,N20,nominal,2.0NRT,288.34,2.67,N
37.1151,62.35407,301.76,0.38,0.36,2026-09-24,2146,N20,nominal,2.0NRT,289.71,1.46,N
37.03388,62.41603,337.73,0.38,0.36,2026-09-24,2146,N20,nominal,2.0NRT,290.97,4.68,N
37.18018,60.86596,301.99,0.4,0.37,2026-09-24,2146,N20,nominal,2.0NRT,284.95,0.65,N
37.35279,59.56759,297.54,0.43,0.38,2026-09-24,2146,N20,nominal,2.0NRT,287.28,0.59,N
37.21968,60.02339,299.33,0.42,0.38,2026-09-24,2148,N20,nominal,2.0NRT,286.19,0.8,N
37.45345,57.68499,316.83,0.51,0.41,2026-09-24,2148,N20,nominal,2.0NRT,291.83,2.14,N
36.43263,61.67688,295.76,0.39,0.36,2026-09-24,2148,N20,nominal,2.0NRT,285.56,0.41,N
36.44043,61.2175,316.65,0.39,0.36,2026-09-24,2148,N20,nominal,2.0NRT,289.16,1.52,N
36.4812,59.7461,301.64,0.42,0.38,2026-09-24,2148,N20,nominal,2.0NRT,288.77,0.78,N
36.47777,59.74538,298.88,0.42,0.38,2026-09-24,2148,N20,nominal,2.0NRT,286.77,0.78,N
35.99316,62.78086,299.15,0.39,0.36,2026-09-24,2148,N20,nominal,2.0NRT,287,0.66,N
35.94679,62.91895,301.29,0.39,0.36,2026-09-24,2148,N20,nominal,2.0NRT,288.6,0.84,N
36.94546,54.88714,314.71,0.46,0.47,2026-09-24,2148,N20,nominal,2.0NRT,293.17,1.83,N
35.90892,62.96241,311.27,0.39,0.36,2026-09-24,2148,N20,nominal,2.0NRT,285.11,1.4,N
35.90823,62.96665,301.35,0.39,0.36,2026-09-24,2148,N20,nominal,2.0NRT,286.09,0.95,N
36.27054,59.64925,308.63,0.42,0.38,2026-09-24,2148,N20,nominal,2.0NRT,288.4,0.84,N
36.23872,59.72874,301.38,0.42,0.38,2026-09-24,2148,N20,nominal,2.0NRT,286.21,0.66,N
36.34288,58.6782,304.85,0.45,0.39,2026-09-24,2148,N20,nominal,2.0NRT,288.68,1.22,N
36.16572,57.68644,327.19,0.5,0.41,2026-09-24,2148,N20,nominal,2.0NRT,288.45,2.23,N
36.16475,57.68507,322.98,0.5,0.41,2026-09-24,2148,N20,nominal,2.0NRT,288.13,2.77,N
36.29702,54.78492,303.35,0.46,0.47,2026-09-24,2148,N20,nominal,2.0NRT,291.03,0.96,N
36.32352,54.18332,295.38,0.5,0.49,2026-09-24,2148,N20,nominal,2.0NRT,284.98,0.55,N
35.57732,59.99036,306.55,0.41,0.37,2026-09-24,2148,N20,nominal,2.0NRT,286.48,0.76,N
35.35611,60.21747,305.6,0.4,0.37,2026-09-24,2148,N20,nominal,2.0NRT,287.73,0.65,N
35.36705,59.30343,304.2,0.42,0.38,2026-09-24,2148,N20,nominal,2.0NRT,287.44,1.27,N
32.2988,74.3152,301.57,0.49,0.65,2026-09-24,2148,N20,nominal,2.0NRT,290.22,0.59,N
35.24791,59.25298,299.16,0.43,0.38,2026-09-24,2148,N20,nominal,2.0NRT,286.64,0.53,N
33.75303,59.14774,314.58,0.42,0.37,2026-09-24,2148,N20,nominal,2.0NRT,286.63,1.11,N
32.92284,60.23331,305.62,0.39,0.36,2026-09-24,2148,N20,nominal,2.0NRT,288.43,0.82,N
33.04163,56.84843,314.73,0.5,0.41,2026-09-24,2148,N20,nominal,2.0NRT,295.55,2.16,N
33.041,56.847,307.01,0.5,0.41,2026-09-24,2148,N20,nominal,2.0NRT,293.26,2.2,N
32.63718,59.7564,295.63,0.4,0.37,2026-09-24,2148,N20,nominal,2.0NRT,284.32,0.9,N
32.33608,54.08717,304.51,0.46,0.47,2026-09-24,2148,N20,nominal,2.0NRT,290.25,0.96,N
30.06072,66.98252,298.98,0.42,0.46,2026-09-24,2148,N20,nominal,2.0NRT,287.16,0.39,N
31.94312,54.0454,308.37,0.45,0.47,2026-09-24,2148,N20,nominal,2.0NRT,291.88,1.02,N
31.92919,54.05332,318.01,0.45,0.47,2026-09-24,2148,N20,nominal,2.0NRT,293.99,2.32,N
31.84887,54.28612,306.06,0.44,0.46,2026-09-24,2148,N20,nominal,2.0NRT,295.2,1.27,N
31.43346,56.49108,299.79,0.5,0.41,2026-09-24,2148,N20,nominal,2.0NRT,289,0.51,N
31.6249,54.74108,304.31,0.41,0.45,2026-09-24,2148,N20,nominal,2.0NRT,291.08,0.75,N
28.42698,69.7009,314.99,0.33,0.55,2026-09-24,2150,N20,nominal,2.0NRT,297.32,1.75,N
30.75402,56.65893,307.72,0.48,0.4,2026-09-24,2150,N20,nominal,2.0NRT,289.76,2.66,N
30.15506,60.73257,314.06,0.38,0.36,2026-09-24,2150,N20,nominal,2.0NRT,295.08,0.67,N
30.66591,56.6216,308.67,0.48,0.4,2026-09-24,2150,N20,nominal,2.0NRT,287.92,1.05,N
30.50635,56.82111,304.36,0.47,0.4,2026-09-24,2150,N20,nominal,2.0NRT,290.13,1.22,N
28.05211,69.36842,334.99,0.32,0.55,2026-09-24,2150,N20,nominal,2.0NRT,298.47,1.55,N
30.36998,56.12587,308.2,0.51,0.41,2026-09-24,2150,N20,nominal,2.0NRT,288.13,1.36,N
30.23484,56.90903,321.58,0.47,0.39,2026-09-24,2150,N20,nominal,2.0NRT,290.59,2.73,N
30.17795,57.16438,295.62,0.45,0.39,2026-09-24,2150,N20,nominal,2.0NRT,284.97,1.45,N
30.3236,55.97118,308.79,0.51,0.41,2026-09-24,2150,N20,nominal,2.0NRT,288.08,0.74,N
30.21839,55.98092,304.65,0.51,0.41,2026-09-24,2150,N20,nominal,2.0NRT,288.48,1.33,N
30.21394,55.98568,304.85,0.51,0.41,2026-09-24,2150,N20,nominal,2.0NRT,287.46,1.77,N
29.47883,60.80722,304.58,0.39,0.36,2026-09-24,2150,N20,nominal,2.0NRT,288.47,0.51,N
29.47554,60.80652,301.56,0.39,0.36,2026-09-24,2150,N20,nominal,2.0NRT,290.16,0.51,N
29.94831,56.73286,295.87,0.47,0.4,2026-09-24,2150,N20,nominal,2.0NRT,285.83,0.88,N
29.92962,56.73433,319.76,0.47,0.4,2026-09-24,2150,N20,nominal,2.0NRT,287.75,2.51,N
29.926,56.73367,302.18,0.47,0.4,2026-09-24,2150,N20,nominal,2.0NRT,286.95,1.91,N
30.08314,55.39491,306.05,0.55,0.42,2026-09-24,2150,N20,nominal,2.0NRT,288.73,1.23,N
29.92923,56.7318,327.89,0.47,0.4,2026-09-24,2150,N20,nominal,2.0NRT,289.68,4.63,N
30.08199,55.39888,306.06,0.55,0.42,2026-09-24,2150,N20,nominal,2.0NRT,289.63,1.78,N
30.07879,55.39258,306.28,0.55,0.42,2026-09-24,2150,N20,nominal,2.0NRT,290.26,1.78,N
29.99158,55.85367,334.12,0.52,0.41,2026-09-24,2150,N20,nominal,2.0NRT,290.07,16.07,N
29.69982,55.53201,311.97,0.53,0.42,2026-09-24,2150,N20,nominal,2.0NRT,287.18,1.88,N
29.5135,55.79799,300.4,0.51,0.41,2026-09-24,2150,N20,nominal,2.0NRT,288.52,0.78,N
29.15418,55.36502,306.53,0.53,0.42,2026-09-24,2150,N20,nominal,2.0NRT,290.64,1.45,N
29.14132,55.37417,300.44,0.53,0.42,2026-09-24,2150,N20,nominal,2.0NRT,290.09,1.2,N
29.13747,55.37358,302.47,0.53,0.42,2026-09-24,2150,N20,nominal,2.0NRT,292.43,1.59,N
28.20739,61.30289,308.27,0.39,0.36,2026-09-24,2150,N20,nominal,2.0NRT,293.83,0.82,N
26.09368,68.87835,310.55,0.33,0.55,2026-09-24,2150,N20,nominal,2.0NRT,297.28,0.74,N
28.04985,57.77852,317.68,0.41,0.37,2026-09-24,2150,N20,nominal,2.0NRT,299.45,2.8,N
28.20848,55.58352,347.75,0.51,0.41,2026-09-24,2150,N20,nominal,2.0NRT,302.74,20.34,N
27.22708,60.48944,313.52,0.39,0.36,2026-09-24,2150,N20,nominal,2.0NRT,297.56,1.99,N
26.91703,61.10365,328.06,0.4,0.37,2026-09-24,2150,N20,nominal,2.0NRT,294.12,2.15,N
25.39101,68.58109,306.61,0.33,0.55,2026-09-24,2150,N20,nominal,2.0NRT,296.42,0.92,N
25.3903,68.58427,319.87,0.33,0.55,2026-09-24,2150,N20,nominal,2.0NRT,296.82,0.92,N
27.42277,56.50002,316.93,0.45,0.39,2026-09-24,2150,N20,nominal,2.0NRT,300.12,3.41,N
27.1708,56.09473,315.38,0.47,0.4,2026-09-24,2150,N20,nominal,2.0NRT,300.15,3.92,N
27.17216,56.05632,310.73,0.47,0.4,2026-09-24,2150,N20,nominal,2.0NRT,300.26,3.14,N
27.16229,56.10296,325.82,0.47,0.4,2026-09-24,2150,N20,nominal,2.0NRT,301.06,4.63,N
27.16915,56.05099,318.03,0.47,0.4,2026-09-24,2150,N20,nominal,2.0NRT,300.22,3.72,N
27.16292,56.09824,312.15,0.47,0.4,2026-09-24,2150,N20,nominal,2.0NRT,300.77,4.75,N
27.14655,56.10993,317.45,0.47,0.4,2026-09-24,2150,N20,nominal,2.0NRT,299.83,3.94,N
26.9587,55.54206,314.47,0.49,0.41,2026-09-24,2150,N20,nominal,2.0NRT,301.15,1.53,N
25.4274,60.69037,309.1,0.4,0.37,2026-09-24,2150,N20,nominal,2.0NRT,298.81,1.09,N
25.70284,54.29982,319.87,0.55,0.43,2026-09-24,2150,N20,nominal,2.0NRT,303.97,1.48,N
25.70327,54.29816,318.76,0.55,0.43,2026-09-24,2150,N20,nominal,2.0NRT,303.96,1.49,N
22.9342,69.69633,320.12,0.43,0.62,2026-09-24,2150,N20,nominal,2.0NRT,296.4,2.37,N
25.3088,56.3728,318.08,0.44,0.38,2026-09-24,2150,N20,nominal,2.0NRT,302.13,1.51,N
24.99041,55.62672,332.47,0.47,0.4,2026-09-24,2150,N20,nominal,2.0NRT,300.31,2.85,N
24.99007,55.62442,329.95,0.47,0.4,2026-09-24,2150,N20,nominal,2.0NRT,300.45,2.75,N
24.507,56.605,331.14,0.42,0.38,2026-09-24,2150,N20,nominal,2.0NRT,302.87,3.87,N
24.50641,56.60916,330.05,0.42,0.38,2026-09-24,2150,N20,nominal,2.0NRT,305.59,5.94,N
24.50354,56.60441,324.63,0.42,0.38,2026-09-24,2150,N20,nominal,2.0NRT,306.3,3.87,N
24.47119,56.63297,310.98,0.42,0.38,2026-09-24,2150,N20,nominal,2.0NRT,300.95,1.1,N
24.45465,56.54929,314.1,0.43,0.38,2026-09-24,2150,N20,nominal,2.0NRT,300.34,1.3,N
24.45406,56.55346,313.61,0.43,0.38,2026-09-24,2150,N20,nominal,2.0NRT,302.92,1.3,N
21.10685,72.63995,305.47,0.73,0.76,2026-09-24,2150,N20,nominal,2.0NRT,292.41,4.26,N
21.10514,72.64676,305.79,0.73,0.76,2026-09-24,2150,N20,nominal,2.0NRT,292.37,3.39,N
24.51012,54.01485,331.31,0.56,0.43,2026-09-24,2150,N20,nominal,2.0NRT,304.6,2.61,N
24.3296,54.46729,313.4,0.52,0.42,2026-09-24,2150,N20,nominal,2.0NRT,302.08,1.39,N
24.32577,54.4667,327.28,0.52,0.42,2026-09-24,2150,N20,nominal,2.0NRT,303.48,2.56,N
23.55418,58.20124,321.13,0.39,0.36,2026-09-24,2150,N20,nominal,2.0NRT,302.71,2.87,N
23.48401,58.28181,317.57,0.39,0.36,2026-09-24,2150,N20,nominal,2.0NRT,303.66,0.7,N
23.19013,55.46193,313.77,0.46,0.39,2026-09-24,2153,N20,nominal,2.0NRT,300.76,2.55,N
23.27811,54.25805,318,0.52,0.42,2026-09-24,2153,N20,nominal,2.0NRT,299,2.49,N
22.8773,55.92426,327.83,0.43,0.38,2026-09-24,2153,N20,nominal,2.0NRT,300.5,2.38,N
22.87404,55.61324,335.56,0.45,0.39,2026-09-24,2153,N20,nominal,2.0NRT,299.24,3.02,N
22.67319,56.24835,331.39,0.42,0.38,2026-09-24,2153,N20,nominal,2.0NRT,301.01,2.68,N
22.40711,56.98972,339.58,0.4,0.37,2026-09-24,2153,N20,nominal,2.0NRT,300,4.04,N
22.67487,54.12887,344.62,0.52,0.42,2026-09-24,2153,N20,nominal,2.0NRT,307.87,22.2,N
22.32698,56.49081,331.25,0.41,0.37,2026-09-24,2153,N20,nominal,2.0NRT,302.43,3.12,N
22.32645,56.47041,331.95,0.41,0.37,2026-09-24,2153,N20,nominal,2.0NRT,303.26,3.17,N
22.6088,54.06701,312.71,0.52,0.42,2026-09-24,2153,N20,nominal,2.0NRT,301.25,2.05,N
22.1094,57.31946,325.31,0.39,0.36,2026-09-24,2153,N20,nominal,2.0NRT,298.28,1.45,N
21.93948,57.07354,330.6,0.4,0.37,2026-09-24,2153,N20,nominal,2.0NRT,299.06,4.52,N
21.93613,57.07296,310.54,0.4,0.37,2026-09-24,2153,N20,nominal,2.0NRT,297.95,0.7,N
22.03515,56.16224,325.36,0.42,0.38,2026-09-24,2153,N20,nominal,2.0NRT,298.05,1.74,N
21.83399,56.68097,332.1,0.4,0.37,2026-09-24,2153,N20,nominal,2.0NRT,298.94,3.01,N
21.6163,56.05962,314.33,0.42,0.38,2026-09-24,2153,N20,nominal,2.0NRT,300.48,0.74,N
21.33429,57.72321,324.4,0.39,0.36,2026-09-24,2153,N20,nominal,2.0NRT,297.57,2.08,N
21.32071,57.72157,318.38,0.39,0.36,2026-09-24,2153,N20,nominal,2.0NRT,297.36,1.72,N
21.31397,57.74308,325.89,0.39,0.36,2026-09-24,2153,N20,nominal,2.0NRT,297.31,2.58,N
21.3134,57.74678,332.38,0.39,0.36,2026-09-24,2153,N20,nominal,2.0NRT,297.26,2.58,N
21.30536,57.79844,320.61,0.39,0.36,2026-09-24,2153,N20,nominal,2.0NRT,297.35,1.51,N
21.30591,57.70757,329.29,0.39,0.36,2026-09-24,2153,N20,nominal,2.0NRT,297.19,2.25,N
21.29671,57.67939,314,0.39,0.36,2026-09-24,2153,N20,nominal,2.0NRT,296.31,1.05,N
21.37782,56.71389,325.72,0.4,0.37,2026-09-24,2153,N20,nominal,2.0NRT,298,2.26,N
21.37725,56.71774,330.1,0.4,0.37,2026-09-24,2153,N20,nominal,2.0NRT,299.42,2.26,N
21.33361,56.69935,319.17,0.4,0.37,2026-09-24,2153,N20,nominal,2.0NRT,298.21,1.14,N
21.40949,55.74079,319.04,0.43,0.38,2026-09-24,2153,N20,nominal,2.0NRT,299.21,1.65,N
21.00185,56.5306,333.21,0.4,0.37,2026-09-24,2153,N20,nominal,2.0NRT,298.68,3.06,N
20.55989,56.42009,310.71,0.4,0.37,2026-09-24,2153,N20,nominal,2.0NRT,296.95,0.73,N
20.37553,55.93375,307.44,0.41,0.37,2026-09-24,2153,N20,nominal,2.0NRT,296.75,0.65,N
20.3904,55.66236,329.61,0.42,0.38,2026-09-24,2153,N20,nominal,2.0NRT,297.77,3.01,N
20.38582,55.64505,322.96,0.42,0.38,2026-09-24,2153,N20,nominal,2.0NRT,296.41,1.6,N
20.21259,55.70937,309.9,0.42,0.38,2026-09-24,2153,N20,nominal,2.0NRT,295.99,1.06,N
20.212,55.71336,317.52,0.42,0.38,2026-09-24,2153,N20,nominal,2.0NRT,296.3,1.27,N
19.26825,56.17527,316.27,0.4,0.37,2026-09-24,2153,N20,nominal,2.0NRT,296.58,1.2,N
18.56124,55.86801,311.9,0.4,0.37,2026-09-24,2153,N20,nominal,2.0NRT,295.47,1.26,N
18.55729,55.87127,305.08,0.4,0.37,2026-09-24,2153,N20,nominal,2.0NRT,294.81,0.28,N
18.32439,55.10504,330.39,0.43,0.38,2026-09-24,2153,N20,nominal,2.0NRT,296.06,2.67,N
18.06826,54.55331,329.07,0.45,0.39,2026-09-24,2153,N20,nominal,2.0NRT,294.68,3.24,N
18.03513,54.63342,308.78,0.44,0.38,2026-09-24,2153,N20,nominal,2.0NRT,295.73,1.28,N
18.01517,54.57067,319.45,0.44,0.39,2026-09-24,2153,N20,nominal,2.0NRT,295.26,1.55,N
38.68337,54.31155,313.81,0.64,0.72,2026-09-24,2329,N20,nominal,2.0NRT,288.76,2.29,N
38.68448,54.31274,317.09,0.64,0.72,2026-09-24,2329,N20,nominal,2.0NRT,288.4,2.08,N
38.6516,54.27995,331.39,0.64,0.72,2026-09-24,2329,N20,nominal,2.0NRT,289.48,3.88,N
20.24223,100.0202,333.17,0.74,0.76,2026-09-25,0540,N20,nominal,2.0NRT,286.26,6.82,D
20.24151,100.01936,333.44,0.74,0.76,2026-09-25,0540,N20,nominal,2.0NRT,285.83,5.97,D
21.73906,101.98705,329.65,0.52,0.67,2026-09-25,0542,N20,nominal,2.0NRT,290.14,3.77,D
26.57527,101.66911,331.13,0.42,0.61,2026-09-25,0542,N20,nominal,2.0NRT,297.73,5.06,D
26.61872,101.45688,325.24,0.43,0.62,2026-09-25,0542,N20,nominal,2.0NRT,297.5,1.74,D
22.37982,100.30608,331.83,0.64,0.72,2026-09-25,0542,N20,nominal,2.0NRT,286.92,5.97,D
22.37917,100.30592,329.02,0.64,0.72,2026-09-25,0542,N20,nominal,2.0NRT,287.25,7.07,D
22.88767,99.41325,327.79,0.71,0.75,2026-09-25,0542,N20,nominal,2.0NRT,279.74,10.5,D
38.27357,101.49994,341.29,0.47,0.47,2026-09-25,0546,N20,nominal,2.0NRT,300.5,3.74,D
38.27777,101.49835,330.4,0.47,0.47,2026-09-25,0546,N20,low,2.0NRT,301.67,2.64,D
38.31433,101.5995,339.59,0.46,0.47,2026-09-25,0546,N20,nominal,2.0NRT,304.58,3.11,D
30.21978,72.10999,337.73,0.61,0.71,2026-09-25,0726,N20,nominal,2.0NRT,297.7,5.06,D
30.82652,74.12354,367,0.45,0.63,2026-09-25,0726,N20,high,2.0NRT,296.44,14.98,D
39.12463,100.3853,335.95,0.69,0.74,2026-09-25,0726,N20,nominal,2.0NRT,303.51,3.93,D
38.05305,67.26701,332.86,0.68,0.74,2026-09-25,0729,N20,low,2.0NRT,306.91,3.74,D
9.48073,99.05791,326.17,0.56,0.52,2026-09-25,0718,N20,nominal,2.0NRT,291.39,4.2,D
8.1165,80.9865,326.95,0.49,0.65,2026-09-25,0718,N20,nominal,2.0NRT,273.8,4.01,D
8.11408,80.98805,327.4,0.49,0.65,2026-09-25,0718,N20,nominal,2.0NRT,273.49,3.03,D
8.96315,80.84235,344.69,0.49,0.65,2026-09-25,0720,N20,nominal,2.0NRT,275.27,8.71,D
8.96131,80.84394,349.33,0.48,0.65,2026-09-25,0720,N20,nominal,2.0NRT,274.75,6.56,D
8.97896,80.67806,328.63,0.5,0.66,2026-09-25,0720,N20,nominal,2.0NRT,271.67,3.73,D
9.3869,80.32471,328.91,0.52,0.67,2026-09-25,0720,N20,nominal,2.0NRT,272.45,3.89,D
9.38892,80.32713,326.97,0.52,0.67,2026-09-25,0720,N20,nominal,2.0NRT,272.04,3.49,D
18.45081,98.87695,329.32,0.36,0.58,2026-09-25,0720,N20,nominal,2.0NRT,289.34,0.97,D
19.65364,100.32781,330.62,0.47,0.64,2026-09-25,0722,N20,nominal,2.0NRT,289.26,4.91,D
20.35829,99.51279,336.31,0.42,0.61,2026-09-25,0722,N20,nominal,2.0NRT,285,2.33,D
22.20516,101.24799,331.23,0.57,0.69,2026-09-25,0722,N20,nominal,2.0NRT,291.63,5.78,D
23.05321,97.74872,332.83,0.35,0.57,2026-09-25,0722,N20,nominal,2.0NRT,293.07,2.17,D
24.01609,98.439,329.28,0.4,0.6,2026-09-25,0722,N20,nominal,2.0NRT,279.88,2.24,D
24.03337,98.00867,332.9,0.37,0.58,2026-09-25,0722,N20,nominal,2.0NRT,294.87,1.97,D
24.58095,97.84415,327.91,0.37,0.58,2026-09-25,0722,N20,nominal,2.0NRT,292.84,1.62,D
24.60642,97.84544,330.87,0.37,0.58,2026-09-25,0722,N20,nominal,2.0NRT,292.64,3.03,D
25.20024,97.24194,331.09,0.34,0.56,2026-09-25,0722,N20,nominal,2.0NRT,292.47,2.58,D
26.57758,101.66976,340.24,0.67,0.74,2026-09-25,0722,N20,nominal,2.0NRT,294.7,14.4,D
26.57243,101.66795,340.98,0.67,0.74,2026-09-25,0722,N20,nominal,2.0NRT,295.46,10.42,D
26.57921,101.66691,327.48,0.67,0.74,2026-09-25,0722,N20,nominal,2.0NRT,294.9,7.44,D
26.61216,101.76653,326.96,0.68,0.74,2026-09-25,0722,N20,nominal,2.0NRT,291.84,5.8,D
25.96023,93.66666,332.58,0.42,0.45,2026-09-25,0722,N20,nominal,2.0NRT,293.3,2.2,D
27.02924,94.89082,331.41,0.51,0.49,2026-09-25,0724,N20,nominal,2.0NRT,295.33,3.25,D
27.67086,96.2429,328.06,0.63,0.54,2026-09-25,0724,N20,nominal,2.0NRT,292.15,5.03,D
27.73546,96.28601,367,0.32,0.54,2026-09-25,0724,N20,high,2.0NRT,290.97,7.07,D
27.7489,96.26693,348.07,0.63,0.54,2026-09-25,0724,N20,nominal,2.0NRT,294.48,11.2,D
27.73532,96.28761,334.31,0.32,0.54,2026-09-25,0724,N20,nominal,2.0NRT,289.63,3.36,D
27.73505,96.28443,342.53,0.32,0.54,2026-09-25,0724,N20,nominal,2.0NRT,291.04,3.36,D
27.74861,96.26527,343.49,0.64,0.54,2026-09-25,0724,N20,nominal,2.0NRT,294.34,11.11,D
27.75473,96.10436,327.46,0.62,0.54,2026-09-25,0724,N20,nominal,2.0NRT,295.56,2.7,D
27.88988,96.08911,328.85,0.62,0.54,2026-09-25,0724,N20,nominal,2.0NRT,295.77,2.73,D
18.8579,72.92867,367,0.34,0.56,2026-09-25,0902,N20,high,2.0NRT,296.78,6.48,D
19.36833,71.35696,332.92,0.54,0.51,2026-09-25,0902,N20,nominal,2.0NRT,293.83,2.46,D
18.31981,55.1072,353.99,0.34,0.56,2026-09-25,0905,N20,nominal,2.0NRT,314.32,4.1,D
21.10027,72.63811,339.28,0.34,0.56,2026-09-25,0905,N20,nominal,2.0NRT,291.47,2.53,D
21.10648,72.64751,338.48,0.34,0.56,2026-09-25,0905,N20,nominal,2.0NRT,290.39,4.37,D
20.3737,55.93504,346.65,0.55,0.51,2026-09-25,0905,N20,nominal,2.0NRT,313.81,1.86,D
20.37728,55.93646,345.31,0.55,0.51,2026-09-25,0905,N20,nominal,2.0NRT,313.91,2.89,D
20.38567,55.66513,344.03,0.57,0.52,2026-09-25,0905,N20,low,2.0NRT,316.3,1.98,D
22.93247,69.69941,341.66,0.47,0.48,2026-09-25,0905,N20,nominal,2.0NRT,308.89,4.91,D
20.99899,56.53176,345.94,0.49,0.49,2026-09-25,0905,N20,low,2.0NRT,316.66,3.09,D
21.31446,57.74309,342.08,0.41,0.45,2026-09-25,0905,N20,low,2.0NRT,317.05,1.05,D
21.3189,57.72194,342.36,0.41,0.45,2026-09-25,0905,N20,low,2.0NRT,316.82,1.34,D
21.33181,57.72323,342.66,0.41,0.45,2026-09-25,0905,N20,low,2.0NRT,317.06,1.24,D
21.83312,56.68073,344.79,0.46,0.47,2026-09-25,0905,N20,low,2.0NRT,318.33,1.29,D
21.93488,57.07487,354.69,0.44,0.46,2026-09-25,0905,N20,nominal,2.0NRT,318.55,5.01,D
22.16898,57.39108,345.5,0.41,0.45,2026-09-25,0905,N20,low,2.0NRT,317.76,1.61,D
22.404,56.99132,345.62,0.43,0.46,2026-09-25,0905,N20,low,2.0NRT,317.68,7.55,D
22.325,56.48997,345.62,0.47,0.47,2026-09-25,0905,N20,low,2.0NRT,318.22,3.88,D
22.32587,56.47138,345.81,0.47,0.48,2026-09-25,0905,N20,low,2.0NRT,318.35,3.81,D
22.32764,56.47227,351.46,0.47,0.48,2026-09-25,0905,N20,nominal,2.0NRT,317.95,6.26,D
22.43995,56.70252,345.61,0.45,0.47,2026-09-25,0905,N20,low,2.0NRT,319.3,14.78,D
23.19147,55.45796,367,0.52,0.5,2026-09-25,0905,N20,high,2.0NRT,324.37,7.43,D
25.6359,69.49288,340.68,0.49,0.49,2026-09-25,0905,N20,nominal,2.0NRT,305.85,2.37,D
24.50578,56.60976,346.73,0.42,0.45,2026-09-25,0905,N20,low,2.0NRT,318.76,15.79,D
26.05566,62.73569,344.62,0.39,0.36,2026-09-25,0905,N20,low,2.0NRT,318.1,9.77,D
27.40991,71.41462,338.36,0.34,0.56,2026-09-25,0905,N20,low,2.0NRT,312.17,2.51,D
27.63429,68.38343,337.45,0.45,0.47,2026-09-25,0905,N20,low,2.0NRT,309.09,8.45,D
27.63857,68.38287,344.3,0.45,0.47,2026-09-25,0905,N20,nominal,2.0NRT,308.58,11.29,D
27.95555,68.99998,335.37,0.49,0.48,2026-09-25,0905,N20,low,2.0NRT,307.96,3.09,D
27.95791,68.93439,348.56,0.48,0.48,2026-09-25,0905,N20,nominal,2.0NRT,309.33,8.28,D
28.05278,69.37175,342.45,0.52,0.5,2026-09-25,0907,N20,nominal,2.0NRT,305.28,4.36,D
28.05295,69.36971,335.28,0.52,0.5,2026-09-25,0907,N20,nominal,2.0NRT,304.71,6.41,D
28.70712,68.19604,346.45,0.45,0.47,2026-09-25,0907,N20,nominal,2.0NRT,313.03,4.72,D
29.11624,71.02922,348.2,0.34,0.56,2026-09-25,0907,N20,nominal,2.0NRT,298.77,3.76,D
27.15904,56.102,338.29,0.4,0.44,2026-09-25,0907,N20,low,2.0NRT,310.68,10.57,D
27.16656,56.05437,344.41,0.4,0.44,2026-09-25,0907,N20,nominal,2.0NRT,310.71,10.28,D
31.47302,75.06176,330.12,0.62,0.71,2026-09-25,0905,N20,nominal,2.0NRT,292.06,3.97,D
29.99209,55.85567,341.62,0.55,0.43,2026-09-25,0905,N20,low,2.0NRT,314.01,8.82,D
29.99264,55.8531,337.76,0.55,0.43,2026-09-25,0905,N20,low,2.0NRT,312.03,9.05,D
30.0815,55.39804,344.58,0.39,0.44,2026-09-25,0905,N20,nominal,2.0NRT,316.61,5.44,D
36.39272,59.49541,347.93,0.38,0.36,2026-09-25,0907,N20,nominal,2.0NRT,307.59,4.38,D
37.03315,62.41947,342.37,0.44,0.38,2026-09-25,0907,N20,low,2.0NRT,315.13,9.98,D
37.02986,60.64423,343.33,0.4,0.37,2026-09-25,0907,N20,nominal,2.0NRT,313.6,3.72,D
37.02924,60.6398,337.58,0.4,0.37,2026-09-25,0907,N20,nominal,2.0NRT,311.13,3.26,D
37.13657,60.25183,338.14,0.39,0.36,2026-09-25,0907,N20,nominal,2.0NRT,311.65,5.79,D
37.2942,60.16885,337.47,0.39,0.36,2026-09-25,0907,N20,low,2.0NRT,309.84,1.55,D
37.98159,65.39184,339.32,0.4,0.45,2026-09-25,0907,N20,nominal,2.0NRT,307.53,2.47,D
37.62712,62.21564,335.74,0.44,0.38,2026-09-25,0907,N20,low,2.0NRT,310.55,3.69,D
37.66951,62.23787,338.11,0.44,0.38,2026-09-25,0907,N20,nominal,2.0NRT,310.95,3.54,D
37.60781,61.60551,343.44,0.42,0.38,2026-09-25,0907,N20,nominal,2.0NRT,314.86,4.02,D
37.61444,61.57498,339.31,0.42,0.38,2026-09-25,0907,N20,low,2.0NRT,313.21,2.44,D
38.06385,65.39471,343.5,0.41,0.45,2026-09-25,0907,N20,nominal,2.0NRT,305.98,8.19,D
38.0684,65.39871,344.14,0.41,0.45,2026-09-25,0907,N20,nominal,2.0NRT,305.5,4.15,D
38.06795,65.39408,342.66,0.41,0.45,2026-09-25,0907,N20,nominal,2.0NRT,307.38,4.15,D
37.78587,62.53796,343.09,0.45,0.39,2026-09-25,0907,N20,nominal,2.0NRT,312.54,5.97,D
38.03646,62.11871,341.18,0.44,0.38,2026-09-25,0907,N20,nominal,2.0NRT,309.88,3.69,D
37.80606,60.32799,347.99,0.39,0.37,2026-09-25,0907,N20,nominal,2.0NRT,315.55,6.35,D
37.54464,56.88465,335.89,0.4,0.37,2026-09-25,0907,N20,nominal,2.0NRT,308.35,2.56,D
37.33264,55.37996,339.28,0.45,0.39,2026-09-25,0907,N20,nominal,2.0NRT,302.1,4.02,D
37.67622,55.78001,336.95,0.43,0.38,2026-09-25,0907,N20,nominal,2.0NRT,305.81,5.65,D
37.67746,55.77724,339.37,0.43,0.38,2026-09-25,0907,N20,nominal,2.0NRT,305.91,7.4,D
38.93496,56.57816,337.25,0.4,0.37,2026-09-25,0907,N20,nominal,2.0NRT,308.35,4.5,D
38.64884,54.28135,341.88,0.47,0.4,2026-09-25,0907,N20,low,2.0NRT,315.65,8.12,D
39.28498,55.92318,331.55,0.41,0.37,2026-09-25,0907,N20,nominal,2.0NRT,302.49,1.91,D
39.28416,55.91849,330.19,0.41,0.37,2026-09-25,0907,N20,nominal,2.0NRT,304.88,1.91,D
39.28835,55.9222,335.47,0.41,0.37,2026-09-25,0907,N20,nominal,2.0NRT,303.36,3.55,D
26.62599,101.45224,299.86,0.62,0.71,2026-09-25,1809,N20,nominal,2.0NRT,286.22,1.43,N
26.61952,101.44923,307.1,0.62,0.71,2026-09-25,1809,N20,nominal,2.0NRT,286.68,1.67,N
26.62108,101.45393,303.35,0.62,0.71,2026-09-25,1809,N20,nominal,2.0NRT,287.35,2.48,N
26.58132,101.66159,319.65,0.6,0.7,2026-09-25,1809,N20,nominal,2.0NRT,284.04,4.78,N
26.57479,101.66111,342.15,0.6,0.7,2026-09-25,1809,N20,nominal,2.0NRT,285.09,4.78,N
26.5744,101.66727,303.14,0.6,0.7,2026-09-25,1809,N20,nominal,2.0NRT,285.89,4.78,N
26.56749,101.67279,307.4,0.6,0.7,2026-09-25,1809,N20,nominal,2.0NRT,288.86,4.1,N
20.88552,101.78244,302.31,0.51,0.66,2026-09-25,1811,N20,nominal,2.0NRT,288.35,0.75,N
9.26441,80.14289,317.62,0.41,0.45,2026-09-25,1953,N20,nominal,2.0NRT,285.98,3.19,N
7.03093,81.41808,326.48,0.49,0.4,2026-09-25,1955,N20,nominal,2.0NRT,286.16,1.82,N
6.71078,81.14463,316.1,0.5,0.41,2026-09-25,1955,N20,nominal,2.0NRT,281.38,2.33,N
30.81184,76.01312,304.96,0.67,0.74,2026-09-25,1947,N20,nominal,2.0NRT,289.21,1.2,N
26.57951,101.6964,304.52,0.47,0.64,2026-09-25,1949,N20,nominal,2.0NRT,287.17,0.86,N
26.58145,101.66355,302.56,0.47,0.64,2026-09-25,1949,N20,nominal,2.0NRT,287.4,1.72,N
26.57568,101.66208,318.95,0.47,0.64,2026-09-25,1949,N20,nominal,2.0NRT,287.16,2.33,N
26.57461,101.66643,302.03,0.47,0.64,2026-09-25,1949,N20,nominal,2.0NRT,286.62,2.33,N
26.62075,101.45353,305.56,0.46,0.63,2026-09-25,1949,N20,nominal,2.0NRT,286.63,1.3,N
26.56669,101.67371,304.88,0.47,0.64,2026-09-25,1949,N20,nominal,2.0NRT,289.28,2.97,N
26.66992,100.18964,295.15,0.38,0.59,2026-09-25,1949,N20,nominal,2.0NRT,283.77,0.49,N
27.38107,95.33154,302.08,0.57,0.43,2026-09-25,1949,N20,nominal,2.0NRT,286.83,0.79,N
27.37995,95.33717,308.43,0.57,0.43,2026-09-25,1949,N20,nominal,2.0NRT,289.05,1.43,N
27.37604,95.3362,305.69,0.57,0.43,2026-09-25,1949,N20,nominal,2.0NRT,287.8,1.25,N
27.32738,95.27514,304.16,0.57,0.43,2026-09-25,1949,N20,nominal,2.0NRT,288.64,0.46,N
25.78671,100.37051,299.62,0.41,0.61,2026-09-25,1949,N20,nominal,2.0NRT,283.69,1.09,N
25.51679,100.72167,295.78,0.44,0.62,2026-09-25,1949,N20,nominal,2.0NRT,283.58,0.68,N
25.53984,100.57832,296.37,0.43,0.62,2026-09-25,1949,N20,nominal,2.0NRT,285.3,0.31,N
25.51891,100.72289,296.02,0.44,0.62,2026-09-25,1949,N20,nominal,2.0NRT,283.86,0.53,N
25.53559,100.57732,299.09,0.43,0.62,2026-09-25,1949,N20,nominal,2.0NRT,285.64,0.73,N
25.44485,100.54678,296.17,0.43,0.62,2026-09-25,1949,N20,nominal,2.0NRT,285.24,0.46,N
28.74872,77.1236,312.17,0.55,0.68,2026-09-25,1949,N20,nominal,2.0NRT,290.16,2.71,N
28.74622,77.12306,304.49,0.55,0.68,2026-09-25,1949,N20,nominal,2.0NRT,290.21,1.6,N
28.74586,77.12883,308.73,0.55,0.68,2026-09-25,1949,N20,nominal,2.0NRT,290.46,1.81,N
28.7114,76.85444,304.46,0.58,0.69,2026-09-25,1949,N20,nominal,2.0NRT,290.71,0.83,N
25.38403,99.30929,310.45,0.36,0.57,2026-09-25,1949,N20,nominal,2.0NRT,284.22,1.06,N
25.381,98.46284,297.55,0.64,0.54,2026-09-25,1949,N20,nominal,2.0NRT,282.34,1,N
25.37923,98.46413,308.07,0.32,0.54,2026-09-25,1949,N20,nominal,2.0NRT,282.64,1.99,N
28.32468,77.2164,303.04,0.54,0.68,2026-09-25,1949,N20,nominal,2.0NRT,287.49,0.84,N
28.32125,77.21558,301.9,0.54,0.68,2026-09-25,1949,N20,nominal,2.0NRT,286.56,0.53,N
25.07137,99.2845,301.15,0.36,0.58,2026-09-25,1949,N20,nominal,2.0NRT,284.96,0.64,N
24.9172,99.09574,304.91,0.36,0.57,2026-09-25,1949,N20,nominal,2.0NRT,287,0.74,N
24.91616,99.09548,302.29,0.36,0.57,2026-09-25,1949,N20,nominal,2.0NRT,286.27,0.67,N
24.61765,98.74069,300.07,0.34,0.56,2026-09-25,1949,N20,nominal,2.0NRT,286.06,0.43,N
26.0373,91.26945,305.54,0.4,0.37,2026-09-25,1949,N20,nominal,2.0NRT,289.56,0.94,N
24.54352,97.7414,299.79,0.6,0.53,2026-09-25,1949,N20,nominal,2.0NRT,289.24,1.18,N
23.90839,100.00365,297.2,0.43,0.62,2026-09-25,1949,N20,nominal,2.0NRT,284.72,0.59,N
24.11442,86.85885,311.92,0.42,0.37,2026-09-25,1949,N20,nominal,2.0NRT,292.06,2.3,N
23.77932,86.38784,303.93,0.43,0.38,2026-09-25,1949,N20,nominal,2.0NRT,288.99,0.78,N
23.77531,86.3656,314.16,0.43,0.38,2026-09-25,1949,N20,nominal,2.0NRT,290.39,2.02,N
23.76654,86.40283,299.45,0.43,0.38,2026-09-25,1949,N20,nominal,2.0NRT,287.78,1.27,N
23.77379,86.19624,299.69,0.44,0.38,2026-09-25,1949,N20,nominal,2.0NRT,287.25,0.88,N
23.68484,86.39132,312.57,0.43,0.38,2026-09-25,1949,N20,nominal,2.0NRT,290.02,2.35,N
23.68424,86.39553,310.74,0.43,0.38,2026-09-25,1949,N20,nominal,2.0NRT,290.15,2.16,N
21.78875,97.04224,308.7,0.61,0.54,2026-09-25,1949,N20,nominal,2.0NRT,286.86,1.18,N
23.58118,86.72454,309.78,0.42,0.37,2026-09-25,1949,N20,nominal,2.0NRT,292.03,1.65,N
23.63302,86.29369,306.11,0.43,0.38,2026-09-25,1949,N20,nominal,2.0NRT,289.8,1.62,N
21.59114,97.19007,311.2,0.63,0.54,2026-09-25,1949,N20,nominal,2.0NRT,287.13,2.17,N
21.59499,97.18991,308.57,0.63,0.54,2026-09-25,1949,N20,nominal,2.0NRT,287.13,1.02,N
21.59277,96.22589,306.56,0.55,0.51,2026-09-25,1949,N20,nominal,2.0NRT,289.61,1.51,N
21.59378,96.22981,306.38,0.55,0.51,2026-09-25,1949,N20,nominal,2.0NRT,289.61,1.35,N
22.48031,90.70952,306.41,0.41,0.37,2026-09-25,1949,N20,nominal,2.0NRT,289.69,0.33,N
22.79265,86.1945,306.86,0.43,0.38,2026-09-25,1949,N20,nominal,2.0NRT,289.03,1.14,N
22.36356,87.01646,309.33,0.4,0.37,2026-09-25,1949,N20,nominal,2.0NRT,290.18,1.87,N
22.05646,88.12705,306.21,0.39,0.36,2026-09-25,1949,N20,nominal,2.0NRT,289.67,2.66,N
15.89415,75.41387,303.63,0.52,0.67,2026-09-25,1951,N20,nominal,2.0NRT,278.45,0.89,N
39.86396,98.25442,297.79,0.48,0.4,2026-09-25,1947,N20,nominal,2.0NRT,286.38,0.62,N
39.86037,98.25319,304.58,0.48,0.4,2026-09-25,1947,N20,nominal,2.0NRT,286.26,1.39,N
39.68475,98.51966,298.56,0.5,0.41,2026-09-25,1947,N20,nominal,2.0NRT,284.31,0.6,N
39.79105,97.90903,296.38,0.47,0.4,2026-09-25,1947,N20,nominal,2.0NRT,282.51,0.63,N
39.59267,94.30627,296.66,0.39,0.36,2026-09-25,1947,N20,nominal,2.0NRT,284.02,0.44,N
39.84316,82.87697,322.88,0.33,0.55,2026-09-25,1947,N20,nominal,2.0NRT,284.1,1.1,N
39.83975,82.87715,318.61,0.33,0.55,2026-09-25,1947,N20,nominal,2.0NRT,283.33,1.22,N
38.86804,83.86044,301.61,0.56,0.52,2026-09-25,1947,N20,nominal,2.0NRT,283.56,0.64,N
39.84538,82.8783,300.58,0.49,0.65,2026-09-25,2125,N20,nominal,2.0NRT,280.68,0.64,N
39.83978,82.87538,300.75,0.49,0.65,2026-09-25,2125,N20,nominal,2.0NRT,281.35,0.64,N
39.84111,82.87959,299.69,0.49,0.65,2026-09-25,2125,N20,nominal,2.0NRT,281.74,1.18,N
38.8656,83.85661,300.43,0.59,0.7,2026-09-25,2125,N20,nominal,2.0NRT,281.64,0.84,N
39.85369,66.20079,304.12,0.4,0.37,2026-09-25,2127,N20,nominal,2.0NRT,286.9,1.3,N
39.55309,66.82878,295.41,0.39,0.36,2026-09-25,2127,N20,nominal,2.0NRT,284.68,0.32,N
39.17795,68.61282,298.33,0.39,0.36,2026-09-25,2127,N20,nominal,2.0NRT,276.41,0.89,N
39.20119,66.83887,303.19,0.39,0.36,2026-09-25,2127,N20,nominal,2.0NRT,286.78,0.61,N
39.18787,65.28745,300.29,0.42,0.38,2026-09-25,2127,N20,nominal,2.0NRT,287.5,1.18,N
39.18464,65.31164,305.45,0.42,0.38,2026-09-25,2127,N20,nominal,2.0NRT,284.65,0.74,N
38.65208,68.77457,301.63,0.39,0.36,2026-09-25,2127,N20,nominal,2.0NRT,288.36,0.73,N
39.33734,63.23896,298.05,0.5,0.41,2026-09-25,2127,N20,nominal,2.0NRT,287.19,0.61,N
39.28279,63.04353,298.25,0.51,0.41,2026-09-25,2127,N20,nominal,2.0NRT,285.89,0.62,N
39.25217,63.20988,301.62,0.5,0.41,2026-09-25,2127,N20,nominal,2.0NRT,285.81,1.25,N
39.2487,63.17382,299.51,0.5,0.41,2026-09-25,2127,N20,nominal,2.0NRT,285.73,0.44,N
38.39645,69.11465,304.79,0.39,0.36,2026-09-25,2127,N20,nominal,2.0NRT,289.57,0.79,N
39.17911,63.57709,295.8,0.48,0.4,2026-09-25,2127,N20,nominal,2.0NRT,284.52,0.35,N
39.19459,63.2808,298.12,0.49,0.41,2026-09-25,2127,N20,nominal,2.0NRT,285.22,0.73,N
39.18677,63.3491,296.81,0.49,0.4,2026-09-25,2127,N20,nominal,2.0NRT,284.8,0.34,N
39.19561,63.20483,295.17,0.5,0.41,2026-09-25,2127,N20,nominal,2.0NRT,284.08,0.81,N
39.17197,63.34621,295.57,0.49,0.4,2026-09-25,2127,N20,nominal,2.0NRT,284.89,0.37,N
39.1584,63.4646,298.68,0.48,0.4,2026-09-25,2127,N20,nominal,2.0NRT,282.94,0.45,N
39.19899,63.19913,300.89,0.5,0.41,2026-09-25,2127,N20,nominal,2.0NRT,284.88,0.79,N
39.18069,63.35315,299.39,0.49,0.4,2026-09-25,2127,N20,nominal,2.0NRT,285.21,0.55,N
39.15914,63.46985,302.96,0.48,0.4,2026-09-25,2127,N20,nominal,2.0NRT,286.05,0.92,N
39.17396,63.28212,297.8,0.49,0.4,2026-09-25,2127,N20,nominal,2.0NRT,284.89,0.71,N
39.17329,63.28782,296.99,0.49,0.4,2026-09-25,2127,N20,nominal,2.0NRT,285.02,0.71,N
39.17699,63.22425,296.94,0.5,0.41,2026-09-25,2127,N20,nominal,2.0NRT,285.87,0.46,N
39.1716,63.27,296.64,0.49,0.41,2026-09-25,2127,N20,nominal,2.0NRT,284.21,0.96,N
39.17092,63.27571,305.84,0.49,0.4,2026-09-25,2127,N20,nominal,2.0NRT,286.18,0.96,N
39.1699,63.25216,302.11,0.49,0.41,2026-09-25,2127,N20,nominal,2.0NRT,286.1,0.98,N
39.16923,63.25787,307.3,0.49,0.41,2026-09-25,2127,N20,nominal,2.0NRT,287.23,1.32,N
39.16484,63.26286,304.63,0.49,0.41,2026-09-25,2127,N20,nominal,2.0NRT,286.22,1.32,N
39.15443,63.31906,298.99,0.49,0.4,2026-09-25,2127,N20,nominal,2.0NRT,284.82,0.82,N
39.13206,63.47598,297.24,0.48,0.4,2026-09-25,2127,N20,nominal,2.0NRT,285.37,0.58,N
39.13134,63.41852,307.76,0.49,0.4,2026-09-25,2127,N20,nominal,2.0NRT,285.13,1.01,N
38.3256,68.98724,304.97,0.39,0.36,2026-09-25,2127,N20,nominal,2.0NRT,289.35,1.12,N
39.12916,63.30833,309.53,0.49,0.4,2026-09-25,2127,N20,nominal,2.0NRT,285.26,1.03,N
39.11923,63.39315,299.19,0.49,0.4,2026-09-25,2127,N20,nominal,2.0NRT,284.7,0.78,N
39.11475,63.3345,301.83,0.49,0.4,2026-09-25,2127,N20,nominal,2.0NRT,285.9,0.83,N
39.08898,63.49035,300.22,0.48,0.4,2026-09-25,2127,N20,nominal,2.0NRT,285.4,0.65,N
39.05676,63.44401,298.2,0.48,0.4,2026-09-25,2127,N20,nominal,2.0NRT,285.03,0.65,N
39.05467,63.44259,296.7,0.48,0.4,2026-09-25,2127,N20,nominal,2.0NRT,284.59,0.48,N
38.7356,65.58042,308.4,0.41,0.37,2026-09-25,2127,N20,nominal,2.0NRT,282.78,1.09,N
38.67981,65.95528,304.01,0.4,0.37,2026-09-25,2127,N20,nominal,2.0NRT,284.53,0.96,N
38.98792,63.49786,331.4,0.48,0.4,2026-09-25,2127,N20,nominal,2.0NRT,285.98,4.55,N
38.95718,63.75525,297.59,0.47,0.4,2026-09-25,2127,N20,nominal,2.0NRT,283.95,0.59,N
38.97313,63.59096,295.54,0.48,0.4,2026-09-25,2127,N20,nominal,2.0NRT,285.47,0.41,N
38.97651,63.46718,299.91,0.48,0.4,2026-09-25,2127,N20,nominal,2.0NRT,286.35,0.95,N
38.91745,63.80804,300.68,0.47,0.39,2026-09-25,2127,N20,nominal,2.0NRT,284.2,0.82,N
38.91214,63.79044,302.22,0.47,0.4,2026-09-25,2127,N20,nominal,2.0NRT,284.29,0.72,N
38.91122,63.79397,301.58,0.47,0.4,2026-09-25,2127,N20,nominal,2.0NRT,284.02,0.71,N
38.87373,63.79746,309.69,0.47,0.39,2026-09-25,2127,N20,nominal,2.0NRT,284.7,1.6,N
38.56429,65.95448,295.73,0.4,0.37,2026-09-25,2127,N20,nominal,2.0NRT,285.46,0.22,N
38.83793,63.81774,303.85,0.47,0.39,2026-09-25,2127,N20,nominal,2.0NRT,285.87,0.91,N
38.55151,65.94686,306.14,0.4,0.37,2026-09-25,2127,N20,nominal,2.0NRT,286.27,0.94,N
38.66646,64.77527,296.64,0.43,0.38,2026-09-25,2127,N20,nominal,2.0NRT,284.92,0.18,N
38.60454,64.75711,295.84,0.43,0.38,2026-09-25,2127,N20,nominal,2.0NRT,285.71,1.03,N
38.45609,65.80444,300.2,0.4,0.37,2026-09-25,2127,N20,nominal,2.0NRT,286.44,0.9,N
38.65369,63.97905,300.51,0.46,0.39,2026-09-25,2127,N20,nominal,2.0NRT,284.82,0.84,N
37.85596,68.92866,299.53,0.39,0.36,2026-09-25,2127,N20,nominal,2.0NRT,286.27,0.58,N
38.49302,64.13643,297.6,0.45,0.39,2026-09-25,2127,N20,nominal,2.0NRT,285.39,0.42,N
38.05117,67.26244,327.46,0.38,0.36,2026-09-25,2127,N20,nominal,2.0NRT,287.11,4.18,N
38.05051,67.26678,297.46,0.38,0.36,2026-09-25,2127,N20,nominal,2.0NRT,285.58,4.18,N
38.43146,64.19214,300.56,0.45,0.39,2026-09-25,2127,N20,nominal,2.0NRT,284.51,0.71,N
38.28525,64.38136,298.73,0.44,0.38,2026-09-25,2127,N20,nominal,2.0NRT,284.56,0.75,N
38.07581,65.76544,295.12,0.4,0.37,2026-09-25,2127,N20,nominal,2.0NRT,284.32,0.38,N
38.20941,64.74038,296.13,0.43,0.38,2026-09-25,2127,N20,nominal,2.0NRT,284.8,0.47,N
38.06509,65.39314,305.61,0.41,0.37,2026-09-25,2127,N20,nominal,2.0NRT,282.34,0.73,N
38.1648,64.59031,300.11,0.43,0.38,2026-09-25,2127,N20,nominal,2.0NRT,284.56,0.71,N
38.16417,64.59522,295.72,0.43,0.38,2026-09-25,2127,N20,nominal,2.0NRT,284.05,0.36,N
38.13092,64.67634,310.27,0.43,0.38,2026-09-25,2127,N20,nominal,2.0NRT,285.93,1.36,N
38.11905,64.73874,299.04,0.43,0.38,2026-09-25,2127,N20,nominal,2.0NRT,284.89,0.66,N
38.11882,64.71375,298.88,0.43,0.38,2026-09-25,2127,N20,nominal,2.0NRT,284.87,0.62,N
38.0638,65.09599,296.56,0.42,0.37,2026-09-25,2127,N20,nominal,2.0NRT,284.65,0.5,N
38.08718,64.8708,295.63,0.42,0.38,2026-09-25,2127,N20,nominal,2.0NRT,283.53,0.35,N
38.05707,64.88406,310.1,0.42,0.38,2026-09-25,2127,N20,nominal,2.0NRT,286.35,1.05,N
38.05107,64.90247,307.93,0.42,0.38,2026-09-25,2127,N20,nominal,2.0NRT,284.7,1.57,N
38.03094,64.94726,297,0.42,0.38,2026-09-25,2127,N20,nominal,2.0NRT,285.09,0.24,N
37.96946,65.0451,306.08,0.42,0.37,2026-09-25,2127,N20,nominal,2.0NRT,285.27,0.86,N
37.82811,66.04914,298.62,0.4,0.37,2026-09-25,2127,N20,nominal,2.0NRT,285.05,0.25,N
37.94158,65.22279,295.31,0.41,0.37,2026-09-25,2127,N20,nominal,2.0NRT,284.03,0.4,N
37.96069,65.05778,296.89,0.42,0.37,2026-09-25,2127,N20,nominal,2.0NRT,284.65,0.4,N
37.87459,65.25137,303.84,0.41,0.37,2026-09-25,2127,N20,nominal,2.0NRT,284.2,0.63,N
37.82892,65.17635,299.13,0.41,0.37,2026-09-25,2127,N20,nominal,2.0NRT,284.51,1.05,N
37.82615,65.17095,313.54,0.41,0.37,2026-09-25,2127,N20,nominal,2.0NRT,286.14,1.05,N
37.81806,65.17879,298.76,0.41,0.37,2026-09-25,2127,N20,nominal,2.0NRT,285.6,0.86,N
37.79374,65.35504,295.12,0.41,0.37,2026-09-25,2127,N20,nominal,2.0NRT,284.76,0.68,N
37.78971,65.35892,300.08,0.41,0.37,2026-09-25,2127,N20,nominal,2.0NRT,283.48,0.81,N
37.80253,65.18979,299.02,0.41,0.37,2026-09-25,2127,N20,nominal,2.0NRT,285.18,0.58,N
37.76595,65.42956,299.65,0.41,0.37,2026-09-25,2127,N20,nominal,2.0NRT,284.18,0.44,N
37.73549,65.49834,298.3,0.41,0.37,2026-09-25,2127,N20,nominal,2.0NRT,284.47,0.38,N
37.75726,65.21344,299.28,0.41,0.37,2026-09-25,2127,N20,nominal,2.0NRT,283.41,0.67,N
38.68435,54.31122,314.56,0.47,0.64,2026-09-25,2127,N20,nominal,2.0NRT,288.19,1.86,N
38.64967,54.28073,329.67,0.48,0.64,2026-09-25,2127,N20,nominal,2.0NRT,289.33,2.35,N
38.64989,54.27516,310.71,0.48,0.64,2026-09-25,2127,N20,nominal,2.0NRT,287.99,2.35,N
37.6592,65.34223,297.39,0.41,0.37,2026-09-25,2127,N20,nominal,2.0NRT,285.18,0.57,N
37.66344,65.28619,298.67,0.41,0.37,2026-09-25,2127,N20,nominal,2.0NRT,284.53,0.69,N
37.96142,62.66652,297.1,0.51,0.41,2026-09-25,2127,N20,nominal,2.0NRT,286.28,0.79,N
37.96157,62.66513,297.13,0.51,0.41,2026-09-25,2127,N20,nominal,2.0NRT,286.46,0.81,N
37.42398,66.1355,303.26,0.39,0.36,2026-09-25,2127,N20,nominal,2.0NRT,282.72,0.43,N
38.25891,58.3861,298.32,0.56,0.52,2026-09-25,2127,N20,nominal,2.0NRT,288.14,2.26,N
38.2587,58.38625,299.18,0.56,0.52,2026-09-25,2127,N20,nominal,2.0NRT,288.15,1.16,N
37.9044,61.98291,296.52,0.54,0.42,2026-09-25,2127,N20,nominal,2.0NRT,283.43,0.65,N
37.88797,62.02415,299.32,0.54,0.42,2026-09-25,2127,N20,nominal,2.0NRT,285.2,0.75,N
38.25398,57.66254,299.65,0.62,0.54,2026-09-25,2127,N20,nominal,2.0NRT,288.66,1.06,N
37.79782,62.5514,327.42,0.51,0.41,2026-09-25,2127,N20,nominal,2.0NRT,286.55,3.87,N
38.221,57.98672,302.64,0.59,0.53,2026-09-25,2127,N20,nominal,2.0NRT,285.75,1.17,N
37.78779,62.53768,330.81,0.51,0.41,2026-09-25,2127,N20,nominal,2.0NRT,288.16,4.63,N
37.78532,62.52534,308.68,0.51,0.41,2026-09-25,2127,N20,nominal,2.0NRT,284.21,1.36,N
38.18203,57.98222,295.59,0.59,0.53,2026-09-25,2127,N20,nominal,2.0NRT,284.76,0.93,N
38.19445,58.10045,296.35,0.58,0.52,2026-09-25,2127,N20,nominal,2.0NRT,283.81,0.5,N
38.17904,57.98315,297.63,0.59,0.53,2026-09-25,2127,N20,nominal,2.0NRT,284.24,0.98,N
37.84608,61.60564,297.57,0.57,0.43,2026-09-25,2127,N20,nominal,2.0NRT,285.38,0.68,N
37.77592,62.02943,303.24,0.54,0.42,2026-09-25,2127,N20,nominal,2.0NRT,284.29,1.15,N
37.74515,62.12976,302.39,0.53,0.42,2026-09-25,2127,N20,nominal,2.0NRT,285.72,1.34,N
37.74344,62.07361,311.72,0.54,0.42,2026-09-25,2127,N20,nominal,2.0NRT,285.59,1.9,N
37.7974,61.49166,297.83,0.57,0.43,2026-09-25,2127,N20,nominal,2.0NRT,287.09,0.82,N
37.75123,61.85455,299.23,0.55,0.43,2026-09-25,2127,N20,nominal,2.0NRT,283.43,0.69,N
37.72532,62.09525,298.41,0.54,0.42,2026-09-25,2127,N20,nominal,2.0NRT,284.61,0.93,N
37.74865,61.84135,300.75,0.55,0.43,2026-09-25,2127,N20,nominal,2.0NRT,286.65,1.15,N
37.66872,62.23839,310.45,0.53,0.42,2026-09-25,2127,N20,nominal,2.0NRT,283.94,2.05,N
37.66106,62.23702,309.51,0.53,0.42,2026-09-25,2127,N20,nominal,2.0NRT,285.19,1.16,N
37.65655,62.24231,297.35,0.53,0.42,2026-09-25,2127,N20,nominal,2.0NRT,283.56,0.94,N
37.96069,58.85918,295.52,0.53,0.5,2026-09-25,2127,N20,nominal,2.0NRT,283.67,0.4,N
37.63758,62.20229,305.9,0.53,0.42,2026-09-25,2127,N20,nominal,2.0NRT,283.53,1.44,N
37.62857,62.21292,311.85,0.53,0.42,2026-09-25,2127,N20,nominal,2.0NRT,287.99,2.11,N
37.65814,61.9078,296.85,0.55,0.42,2026-09-25,2127,N20,nominal,2.0NRT,283.84,0.6,N
37.65425,61.90711,303.97,0.55,0.42,2026-09-25,2127,N20,nominal,2.0NRT,286.84,1,N
37.62555,62.16958,306.5,0.53,0.42,2026-09-25,2127,N20,nominal,2.0NRT,287.76,1.87,N
37.62636,62.1267,303.28,0.53,0.42,2026-09-25,2127,N20,nominal,2.0NRT,285.04,0.72,N
37.62118,62.13809,318.08,0.53,0.42,2026-09-25,2127,N20,nominal,2.0NRT,287.93,2.01,N
37.61733,62.1374,306.82,0.53,0.42,2026-09-25,2127,N20,nominal,2.0NRT,286.78,2.01,N
37.94209,58.55927,299.75,0.55,0.51,2026-09-25,2127,N20,nominal,2.0NRT,285.67,1.43,N
37.6288,61.95929,298.43,0.54,0.42,2026-09-25,2127,N20,nominal,2.0NRT,286.99,1.07,N
37.61545,61.60459,296.56,0.56,0.43,2026-09-25,2127,N20,nominal,2.0NRT,284.75,0.56,N
37.60446,61.70631,296.2,0.56,0.43,2026-09-25,2127,N20,nominal,2.0NRT,283.91,0.49,N
37.61149,61.60392,320.98,0.56,0.43,2026-09-25,2127,N20,nominal,2.0NRT,290,1.72,N
37.61493,61.57186,304.84,0.57,0.43,2026-09-25,2127,N20,nominal,2.0NRT,286.77,2.97,N
37.61287,61.59111,296.91,0.56,0.43,2026-09-25,2127,N20,nominal,2.0NRT,286.33,0.87,N
37.60754,61.60323,298.63,0.56,0.43,2026-09-25,2127,N20,nominal,2.0NRT,287.19,1.72,N
37.60509,61.55055,301.02,0.57,0.43,2026-09-25,2127,N20,nominal,2.0NRT,287.03,0.92,N
37.59648,61.55563,295.39,0.57,0.43,2026-09-25,2127,N20,nominal,2.0NRT,285.29,1.02,N
37.59524,61.52919,299.68,0.57,0.43,2026-09-25,2127,N20,nominal,2.0NRT,285.93,1.2,N
37.59127,61.52851,304.3,0.57,0.43,2026-09-25,2127,N20,nominal,2.0NRT,285.4,1.2,N
37.58788,61.56069,304.75,0.57,0.43,2026-09-25,2127,N20,nominal,2.0NRT,287.2,1.76,N
37.50268,61.98602,300.96,0.54,0.42,2026-09-25,2127,N20,nominal,2.0NRT,284.67,0.81,N
37.49773,61.8468,312.72,0.55,0.42,2026-09-25,2127,N20,nominal,2.0NRT,288.88,2.18,N
37.48335,61.97587,302.93,0.54,0.42,2026-09-25,2127,N20,nominal,2.0NRT,284.85,0.92,N
37.47993,62.00633,297.91,0.54,0.42,2026-09-25,2127,N20,nominal,2.0NRT,284.97,0.56,N
37.6335,60.33861,305.66,0.43,0.46,2026-09-25,2127,N20,nominal,2.0NRT,286.1,0.89,N
37.40657,62.31018,300.49,0.52,0.41,2026-09-25,2127,N20,nominal,2.0NRT,283.74,0.78,N
37.39449,62.31399,302.66,0.52,0.41,2026-09-25,2127,N20,nominal,2.0NRT,286.34,1.16,N
37.51656,61.05517,295.04,0.4,0.44,2026-09-25,2127,N20,nominal,2.0NRT,284.23,0.34,N
37.5125,61.01299,308.34,0.4,0.44,2026-09-25,2127,N20,nominal,2.0NRT,286.08,0.89,N
37.50299,61.02529,308.15,0.4,0.44,2026-09-25,2127,N20,nominal,2.0NRT,287.92,0.75,N
37.48929,60.45816,308.91,0.43,0.46,2026-09-25,2127,N20,nominal,2.0NRT,284.88,0.71,N
37.34817,61.36128,303.76,0.38,0.43,2026-09-25,2127,N20,nominal,2.0NRT,284.28,0.79,N
37.22048,62.39424,295.74,0.51,0.41,2026-09-25,2127,N20,nominal,2.0NRT,282.7,0.4,N
37.32822,61.08472,297.92,0.4,0.44,2026-09-25,2127,N20,nominal,2.0NRT,285.09,0.87,N
37.3273,61.09367,305.44,0.39,0.44,2026-09-25,2127,N20,nominal,2.0NRT,285.34,1.2,N
37.35614,60.46637,299.8,0.43,0.46,2026-09-25,2127,N20,nominal,2.0NRT,286.45,0.42,N
37.12025,62.36299,322.71,0.51,0.41,2026-09-25,2127,N20,nominal,2.0NRT,286.33,3.48,N
37.11647,62.3623,308.11,0.51,0.41,2026-09-25,2127,N20,nominal,2.0NRT,286.68,3.48,N
37.03368,62.41192,327.55,0.51,0.41,2026-09-25,2127,N20,nominal,2.0NRT,285.74,3.15,N
37.03303,62.41764,330.13,0.51,0.41,2026-09-25,2127,N20,nominal,2.0NRT,289.55,4.82,N
37.45649,57.68797,297.73,0.6,0.53,2026-09-25,2127,N20,nominal,2.0NRT,286.11,2.6,N
37.4546,57.68824,301.85,0.6,0.53,2026-09-25,2127,N20,nominal,2.0NRT,287.65,2.65,N
36.47625,61.62196,299.11,0.55,0.42,2026-09-25,2127,N20,nominal,2.0NRT,286.59,3.05,N
36.47617,61.62139,300.86,0.55,0.42,2026-09-25,2127,N20,nominal,2.0NRT,286.01,3.21,N
36.4304,61.67562,299.94,0.54,0.42,2026-09-25,2127,N20,nominal,2.0NRT,283.94,0.4,N
36.4406,61.2152,302.86,0.57,0.43,2026-09-25,2127,N20,nominal,2.0NRT,286.5,0.98,N
36.48024,59.74284,299.63,0.45,0.47,2026-09-25,2127,N20,nominal,2.0NRT,287.46,1.35,N
36.47975,59.74809,298.5,0.45,0.47,2026-09-25,2127,N20,nominal,2.0NRT,286.88,1.03,N
35.94931,62.91884,301.78,0.47,0.4,2026-09-25,2127,N20,nominal,2.0NRT,288.64,1.08,N
36.27133,59.64612,296.48,0.46,0.47,2026-09-25,2127,N20,nominal,2.0NRT,286.38,0.36,N
35.90659,62.96411,310.88,0.47,0.4,2026-09-25,2127,N20,nominal,2.0NRT,285.64,1.59,N
36.23745,59.72852,299.6,0.45,0.47,2026-09-25,2127,N20,nominal,2.0NRT,284.83,1.32,N
36.23954,59.73252,297.03,0.45,0.47,2026-09-25,2127,N20,nominal,2.0NRT,286.17,0.89,N
36.33522,58.66622,295.97,0.52,0.5,2026-09-25,2127,N20,nominal,2.0NRT,284.27,1.26,N
33.85066,72.86997,303.42,0.41,0.45,2026-09-25,2127,N20,nominal,2.0NRT,292.76,0.7,N
35.51708,59.19733,295.41,0.47,0.48,2026-09-25,2127,N20,nominal,2.0NRT,282.14,0.31,N
35.35715,60.21351,300.91,0.42,0.45,2026-09-25,2127,N20,nominal,2.0NRT,284,0.52,N
35.27334,60.59077,319.08,0.4,0.44,2026-09-25,2127,N20,nominal,2.0NRT,285.36,1.6,N
35.27288,60.5951,303.26,0.4,0.44,2026-09-25,2127,N20,nominal,2.0NRT,285.86,1.06,N
35.36921,59.3041,297.87,0.47,0.47,2026-09-25,2127,N20,nominal,2.0NRT,284.75,0.8,N
33.54732,71.55065,308,0.54,0.42,2026-09-25,2127,N20,nominal,2.0NRT,293.61,1.18,N
33.29803,71.18494,309.31,0.52,0.42,2026-09-25,2127,N20,nominal,2.0NRT,291.25,1.58,N
32.72164,72.92389,302.66,0.44,0.46,2026-09-25,2127,N20,nominal,2.0NRT,291.69,0.89,N
32.88892,71.61581,309.08,0.56,0.43,2026-09-25,2127,N20,nominal,2.0NRT,293.47,1.73,N
32.30343,74.31696,310.51,0.53,0.5,2026-09-25,2127,N20,nominal,2.0NRT,293.21,1.1,N
32.57783,72.56284,304.73,0.42,0.45,2026-09-25,2127,N20,nominal,2.0NRT,294.71,0.86,N
32.37838,72.13929,303.23,0.4,0.44,2026-09-25,2127,N20,nominal,2.0NRT,292.51,0.88,N
31.25991,76.92419,303.16,0.4,0.6,2026-09-25,2127,N20,nominal,2.0NRT,287.51,0.77,N
32.28991,70.73689,306.73,0.52,0.41,2026-09-25,2129,N20,nominal,2.0NRT,293.07,1.06,N
30.8128,76.01749,306.22,0.36,0.57,2026-09-25,2129,N20,nominal,2.0NRT,291.38,0.36,N
33.62936,59.16974,303.07,0.45,0.47,2026-09-25,2129,N20,nominal,2.0NRT,287.66,1.31,N
33.04138,56.84723,305.15,0.6,0.53,2026-09-25,2129,N20,nominal,2.0NRT,293.51,1.91,N
32.63666,59.75573,300.71,0.41,0.45,2026-09-25,2129,N20,nominal,2.0NRT,284.65,0.97,N
30.44603,70.56556,306.56,0.54,0.42,2026-09-25,2129,N20,nominal,2.0NRT,294.91,1.11,N
32.33485,54.08408,305.02,0.43,0.62,2026-09-25,2129,N20,nominal,2.0NRT,288.24,1.35,N
30.41853,67.46777,295.11,0.41,0.37,2026-09-25,2129,N20,nominal,2.0NRT,283.54,0.31,N
31.85318,54.28481,314.49,0.42,0.61,2026-09-25,2129,N20,nominal,2.0NRT,294.56,2.29,N
31.70696,55.44492,303.75,0.35,0.57,2026-09-25,2129,N20,nominal,2.0NRT,293.7,1.3,N
27.66926,76.12911,302.91,0.43,0.62,2026-09-25,2129,N20,nominal,2.0NRT,292.51,0.74,N
27.66821,76.13337,302.72,0.43,0.62,2026-09-25,2129,N20,nominal,2.0NRT,292.65,0.74,N
30.7583,56.65355,305.08,0.59,0.53,2026-09-25,2129,N20,nominal,2.0NRT,289.98,1.86,N
30.75489,56.65282,299.5,0.59,0.53,2026-09-25,2129,N20,nominal,2.0NRT,289.4,0.94,N
30.75431,56.6591,302.48,0.59,0.53,2026-09-25,2129,N20,nominal,2.0NRT,289.6,0.94,N
30.66507,56.61677,296.69,0.59,0.53,2026-09-25,2129,N20,nominal,2.0NRT,285.9,1.26,N
30.15726,60.73354,306.27,0.51,0.41,2026-09-25,2129,N20,nominal,2.0NRT,293.96,0.78,N
30.39273,55.77362,299.77,0.33,0.55,2026-09-25,2129,N20,nominal,2.0NRT,287.62,0.43,N
28.42653,69.70271,314.97,0.53,0.42,2026-09-25,2129,N20,nominal,2.0NRT,297.33,2.32,N
30.32487,55.97226,306.12,0.32,0.55,2026-09-25,2129,N20,nominal,2.0NRT,287.97,0.53,N
30.23811,56.90779,299.49,0.56,0.51,2026-09-25,2129,N20,nominal,2.0NRT,287.02,1.67,N
30.23338,56.90719,305.77,0.56,0.51,2026-09-25,2129,N20,nominal,2.0NRT,287.92,1.67,N
30.21805,55.97968,298.13,0.32,0.54,2026-09-25,2129,N20,nominal,2.0NRT,287.44,0.71,N
30.21778,55.983,311.57,0.32,0.54,2026-09-25,2129,N20,nominal,2.0NRT,288.81,0.71,N
30.08061,55.39181,303.12,0.34,0.56,2026-09-25,2129,N20,nominal,2.0NRT,290.25,1.17,N
29.92981,56.73298,302.82,0.57,0.52,2026-09-25,2129,N20,nominal,2.0NRT,288.49,1.7,N
29.99125,55.85126,326.99,0.32,0.55,2026-09-25,2129,N20,nominal,2.0NRT,285.39,6.19,N
29.99099,55.85434,353.55,0.32,0.55,2026-09-25,2129,N20,nominal,2.0NRT,290.31,7.27,N
29.47884,60.80738,301.7,0.5,0.41,2026-09-25,2129,N20,nominal,2.0NRT,288.24,0.78,N
28.03909,69.67334,310.35,0.54,0.42,2026-09-25,2129,N20,nominal,2.0NRT,298.76,1.25,N
28.0411,69.67314,309.42,0.54,0.42,2026-09-25,2129,N20,nominal,2.0NRT,298.68,1.87,N
28.05239,69.36746,332.3,0.52,0.41,2026-09-25,2129,N20,nominal,2.0NRT,298.92,2.77,N
29.99097,55.19308,299.46,0.35,0.57,2026-09-25,2129,N20,nominal,2.0NRT,289.03,0.5,N
28.91154,58.82472,312.6,0.42,0.45,2026-09-25,2129,N20,nominal,2.0NRT,292.4,0.59,N
26.25904,74.09378,305.02,0.35,0.57,2026-09-25,2129,N20,nominal,2.0NRT,294.57,0.73,N
29.25663,54.47285,295.76,0.38,0.59,2026-09-25,2129,N20,nominal,2.0NRT,285.04,0.88,N
29.15485,55.36432,308.81,0.34,0.56,2026-09-25,2129,N20,nominal,2.0NRT,291.92,1.03,N
29.13852,55.37309,310.49,0.34,0.56,2026-09-25,2129,N20,nominal,2.0NRT,292.67,2.17,N
28.20731,61.30251,305.15,0.46,0.39,2026-09-25,2129,N20,nominal,2.0NRT,292.92,0.66,N
28.2053,61.30431,303.16,0.46,0.39,2026-09-25,2129,N20,nominal,2.0NRT,292.44,0.63,N
28.04899,57.77936,308.04,0.47,0.47,2026-09-25,2131,N20,nominal,2.0NRT,297.15,2.54,N
24.6637,74.63251,303.17,0.41,0.61,2026-09-25,2131,N20,nominal,2.0NRT,287.34,1.3,N
24.66351,74.63251,302.88,0.41,0.61,2026-09-25,2131,N20,nominal,2.0NRT,287.11,1.2,N
24.82252,73.09056,305.09,0.33,0.55,2026-09-25,2131,N20,nominal,2.0NRT,293.7,0.73,N
24.82184,73.0936,307.68,0.33,0.55,2026-09-25,2131,N20,nominal,2.0NRT,295.81,0.73,N
27.42359,56.50106,309.51,0.55,0.51,2026-09-25,2131,N20,nominal,2.0NRT,298.35,0.78,N
27.34402,56.42165,338.59,0.55,0.51,2026-09-25,2131,N20,nominal,2.0NRT,298.9,4.11,N
27.30301,56.30201,310.2,0.56,0.52,2026-09-25,2131,N20,nominal,2.0NRT,298.92,1.43,N
25.38707,68.58394,322.23,0.52,0.41,2026-09-25,2131,N20,nominal,2.0NRT,297.22,2.08,N
27.16257,56.10185,324.14,0.58,0.52,2026-09-25,2131,N20,nominal,2.0NRT,299.61,3.27,N
27.16774,56.04925,314.1,0.58,0.52,2026-09-25,2131,N20,nominal,2.0NRT,299.31,2.5,N
27.14703,56.11157,312.56,0.57,0.52,2026-09-25,2131,N20,nominal,2.0NRT,299.35,2.34,N
25.00237,66.95314,307.92,0.44,0.39,2026-09-25,2131,N20,nominal,2.0NRT,294.72,1.35,N
25.96907,56.06698,310.43,0.56,0.51,2026-09-25,2131,N20,nominal,2.0NRT,300.06,4.5,N
25.30684,56.36946,311.96,0.53,0.5,2026-09-25,2131,N20,nominal,2.0NRT,300.04,0.6,N
23.12218,70.08675,327.97,0.46,0.47,2026-09-25,2131,N20,nominal,2.0NRT,296.44,2.76,N
22.93663,69.69632,314.88,0.44,0.46,2026-09-25,2131,N20,nominal,2.0NRT,296.04,1.54,N
22.93579,69.70051,308.08,0.44,0.46,2026-09-25,2131,N20,nominal,2.0NRT,296.13,3.45,N
22.93245,69.69536,314.2,0.44,0.46,2026-09-25,2131,N20,nominal,2.0NRT,295.33,1.54,N
24.50984,56.60872,313.05,0.5,0.49,2026-09-25,2131,N20,nominal,2.0NRT,302.36,1.4,N
24.50587,56.60318,327.24,0.5,0.49,2026-09-25,2131,N20,nominal,2.0NRT,302.64,4.98,N
24.50534,56.60812,337.28,0.5,0.49,2026-09-25,2131,N20,nominal,2.0NRT,302.21,4.98,N
24.50694,56.59332,314.02,0.5,0.49,2026-09-25,2131,N20,nominal,2.0NRT,302.3,1.7,N
24.4728,56.61373,312.18,0.5,0.49,2026-09-25,2131,N20,nominal,2.0NRT,300.55,1.15,N
24.45498,56.5493,316.38,0.5,0.49,2026-09-25,2131,N20,nominal,2.0NRT,300.16,2.24,N
22.33986,69.85315,308.4,0.46,0.47,2026-09-25,2131,N20,nominal,2.0NRT,298.15,3.19,N
24.51187,54.01535,348.7,0.36,0.58,2026-09-25,2131,N20,nominal,2.0NRT,302.05,3.35,N
24.51311,54.01532,350.06,0.36,0.58,2026-09-25,2131,N20,nominal,2.0NRT,302.23,4.06,N
24.3319,54.46704,311.8,0.34,0.56,2026-09-25,2131,N20,nominal,2.0NRT,299.99,0.75,N
24.33158,54.47039,310.64,0.34,0.56,2026-09-25,2131,N20,nominal,2.0NRT,300.49,0.75,N
24.32675,54.46643,314.3,0.34,0.56,2026-09-25,2131,N20,nominal,2.0NRT,300.99,1.6,N
21.1132,72.63664,300.77,0.36,0.58,2026-09-25,2131,N20,nominal,2.0NRT,273.92,0.71,N
21.10576,72.64562,302.38,0.36,0.58,2026-09-25,2131,N20,nominal,2.0NRT,272.42,1.03,N
21.10501,72.64906,298.86,0.36,0.58,2026-09-25,2131,N20,nominal,2.0NRT,271.47,1.02,N
21.10282,72.63406,309.43,0.36,0.58,2026-09-25,2131,N20,nominal,2.0NRT,274.91,1.58,N
23.55517,58.2008,313.52,0.39,0.44,2026-09-25,2131,N20,nominal,2.0NRT,300.58,2.68,N
23.48282,58.28029,312.74,0.38,0.43,2026-09-25,2131,N20,nominal,2.0NRT,300.53,0.69,N
20.91288,71.4604,297.51,0.62,0.54,2026-09-25,2131,N20,nominal,2.0NRT,280.85,0.67,N
23.19495,55.45744,314.02,0.57,0.52,2026-09-25,2131,N20,nominal,2.0NRT,298.33,1.96,N
23.19454,55.45781,313.01,0.57,0.52,2026-09-25,2131,N20,nominal,2.0NRT,298.81,1.33,N
23.19394,55.46336,309.31,0.57,0.52,2026-09-25,2131,N20,nominal,2.0NRT,297.75,1.33,N
22.87788,55.92187,317.78,0.52,0.5,2026-09-25,2131,N20,nominal,2.0NRT,298.48,2.77,N
22.87328,55.61232,330.63,0.55,0.51,2026-09-25,2131,N20,nominal,2.0NRT,297.89,3.93,N
22.8761,55.61069,312.52,0.55,0.51,2026-09-25,2131,N20,nominal,2.0NRT,297.06,2.16,N
22.8755,55.61605,316.28,0.55,0.51,2026-09-25,2131,N20,nominal,2.0NRT,296.54,1.87,N
22.67318,56.24964,313.11,0.5,0.49,2026-09-25,2131,N20,nominal,2.0NRT,299.08,1.47,N
22.40519,56.98717,339.88,0.44,0.46,2026-09-25,2131,N20,nominal,2.0NRT,299.45,5.29,N
22.60746,54.06592,313.37,0.34,0.56,2026-09-25,2131,N20,nominal,2.0NRT,300.5,1.89,N
22.32801,56.4899,331.98,0.47,0.48,2026-09-25,2131,N20,nominal,2.0NRT,300.58,4.42,N
22.33019,56.47149,319.18,0.48,0.48,2026-09-25,2131,N20,nominal,2.0NRT,300.81,3.38,N
22.32576,56.47105,325.01,0.48,0.48,2026-09-25,2131,N20,nominal,2.0NRT,300.51,4.56,N
22.29234,56.52748,320.04,0.47,0.48,2026-09-25,2131,N20,nominal,2.0NRT,299.68,2.62,N
22.52376,54.04815,319.49,0.34,0.56,2026-09-25,2131,N20,nominal,2.0NRT,297.34,1.54,N
22.10985,57.33739,309.92,0.42,0.45,2026-09-25,2131,N20,nominal,2.0NRT,297.49,0.89,N
22.10819,57.31643,322.02,0.42,0.45,2026-09-25,2131,N20,nominal,2.0NRT,297.33,0.93,N
21.94011,57.07322,338.83,0.43,0.46,2026-09-25,2131,N20,nominal,2.0NRT,298.3,4.4,N
22.01382,56.42645,316.69,0.47,0.48,2026-09-25,2131,N20,nominal,2.0NRT,297.56,1.67,N
22.03587,56.16188,307.08,0.49,0.49,2026-09-25,2131,N20,nominal,2.0NRT,296.88,0.88,N
21.83667,56.67894,329.13,0.46,0.47,2026-09-25,2131,N20,nominal,2.0NRT,298.41,2.44,N
21.6188,56.06203,311.72,0.49,0.49,2026-09-25,2131,N20,nominal,2.0NRT,298.72,2.81,N
18.6873,73.03009,308.32,0.43,0.62,2026-09-25,2131,N20,nominal,2.0NRT,292.29,1.7,N
18.68553,73.03807,303.34,0.43,0.62,2026-09-25,2131,N20,nominal,2.0NRT,291.74,2.39,N
21.33401,57.7227,321.38,0.39,0.44,2026-09-25,2131,N20,nominal,2.0NRT,297.72,1.98,N
21.33654,57.72428,320.03,0.39,0.44,2026-09-25,2131,N20,nominal,2.0NRT,297.82,1.67,N
18.69138,73.05018,303.69,0.43,0.62,2026-09-25,2131,N20,nominal,2.0NRT,291.33,1.26,N
21.32047,57.72189,321.49,0.39,0.44,2026-09-25,2131,N20,nominal,2.0NRT,297.76,1.81,N
21.31357,57.74377,336.45,0.39,0.44,2026-09-25,2131,N20,nominal,2.0NRT,297.95,2.41,N
21.31405,57.74004,307.36,0.39,0.44,2026-09-25,2131,N20,nominal,2.0NRT,296.98,1.5,N
21.3131,57.74749,310.36,0.39,0.44,2026-09-25,2131,N20,nominal,2.0NRT,297.58,2.41,N
21.30242,57.79891,313.07,0.38,0.44,2026-09-25,2131,N20,nominal,2.0NRT,298.04,1.88,N
21.30632,57.70451,324.27,0.39,0.44,2026-09-25,2131,N20,nominal,2.0NRT,297.43,2.34,N
21.2971,57.68022,317.41,0.39,0.44,2026-09-25,2131,N20,nominal,2.0NRT,297.1,1.32,N
21.00456,56.52993,341.37,0.45,0.47,2026-09-25,2131,N20,nominal,2.0NRT,299.63,7.06,N
20.38886,55.66333,318.98,0.51,0.49,2026-09-25,2133,N20,nominal,2.0NRT,295.66,2.83,N
20.38607,55.64806,317.67,0.51,0.49,2026-09-25,2133,N20,nominal,2.0NRT,295.99,1.4,N
20.21182,55.71029,315.42,0.5,0.49,2026-09-25,2133,N20,nominal,2.0NRT,295.13,1.67,N
19.2682,56.17472,317.34,0.45,0.47,2026-09-25,2133,N20,nominal,2.0NRT,295.69,1.45,N
19.27089,56.17272,317.77,0.45,0.47,2026-09-25,2133,N20,nominal,2.0NRT,294.73,1.32,N
18.55807,55.86802,306.48,0.47,0.47,2026-09-25,2133,N20,nominal,2.0NRT,295.53,0.87,N
18.32204,55.10118,314.28,0.52,0.5,2026-09-25,2133,N20,nominal,2.0NRT,293.42,2.3,N
18.32608,55.10502,305.81,0.52,0.5,2026-09-25,2133,N20,nominal,2.0NRT,293.11,0.79,N
18.3215,55.10442,309.66,0.52,0.5,2026-09-25,2133,N20,nominal,2.0NRT,293.73,0.79,N
18.06838,54.5556,338.12,0.56,0.51,2026-09-25,2133,N20,nominal,2.0NRT,294.42,6.34,N
18.07196,54.55392,339.17,0.56,0.51,2026-09-25,2133,N20,nominal,2.0NRT,293.76,6.94,N
17.96194,54.55036,339.06,0.56,0.51,2026-09-25,2133,N20,nominal,2.0NRT,293.66,6.55,N
17.95721,54.54975,338.91,0.56,0.51,2026-09-25,2133,N20,nominal,2.0NRT,292.82,8.31,N
17.96059,54.55022,338.48,0.56,0.51,2026-09-25,2133,N20,nominal,2.0NRT,294.7,13.88,N
39.50882,54.32719,304.49,0.35,0.56,2026-09-25,2307,N20,nominal,2.0NRT,289.84,0.44,N
38.259,58.38929,296.56,0.61,0.71,2026-09-25,2307,N20,nominal,2.0NRT,286.36,1.55,N
38.6841,54.31377,312.81,0.36,0.58,2026-09-25,2307,N20,nominal,2.0NRT,288.38,0.66,N
38.68301,54.31776,305.23,0.36,0.58,2026-09-25,2307,N20,nominal,2.0NRT,288.72,0.66,N
38.67904,54.3116,303.03,0.36,0.58,2026-09-25,2307,N20,nominal,2.0NRT,288.41,0.66,N
38.67796,54.31558,298.66,0.36,0.58,2026-09-25,2307,N20,nominal,2.0NRT,288.32,0.66,N
38.68363,54.31725,307.09,0.36,0.58,2026-09-25,2307,N20,nominal,2.0NRT,289.08,0.83,N
38.67858,54.31506,314.55,0.36,0.58,2026-09-25,2307,N20,nominal,2.0NRT,288.85,0.83,N
38.64849,54.27974,337.2,0.36,0.58,2026-09-25,2307,N20,nominal,2.0NRT,289.52,3.21,N
38.64743,54.28371,305.73,0.36,0.58,2026-09-25,2307,N20,nominal,2.0NRT,289.27,2.46,N
37.48344,58.30581,305.63,0.64,0.72,2026-09-25,2307,N20,nominal,2.0NRT,277.43,1.85,N
32.33778,54.08743,300.6,0.52,0.67,2026-09-25,2309,N20,nominal,2.0NRT,286.98,0.94,N
32.03583,54.42552,300.96,0.55,0.68,2026-09-25,2309,N20,nominal,2.0NRT,288.41,0.45,N
31.85174,54.28198,303.65,0.55,0.68,2026-09-25,2309,N20,nominal,2.0NRT,291.45,1.51,N
31.85173,54.28538,307.69,0.55,0.68,2026-09-25,2309,N20,nominal,2.0NRT,292.44,1.32,N
31.62414,54.74066,299.93,0.59,0.7,2026-09-25,2309,N20,nominal,2.0NRT,289.05,0.85,N
31.62288,54.72109,301.81,0.59,0.7,2026-09-25,2309,N20,nominal,2.0NRT,286.8,0.97,N
30.21867,55.9794,296.3,0.76,0.77,2026-09-25,2309,N20,nominal,2.0NRT,285.74,1.23,N
29.98839,55.85352,302.8,0.76,0.77,2026-09-25,2309,N20,nominal,2.0NRT,283.77,2.56,N
30.08627,55.39236,302.02,0.71,0.75,2026-09-25,2309,N20,nominal,2.0NRT,285.49,3.01,N
30.08424,55.39933,297.28,0.71,0.75,2026-09-25,2309,N20,nominal,2.0NRT,285.81,3.02,N
29.99055,55.85044,312.45,0.76,0.77,2026-09-25,2309,N20,nominal,2.0NRT,283.17,3.93,N
30.08384,55.39544,314.95,0.71,0.75,2026-09-25,2309,N20,nominal,2.0NRT,286.98,2.86,N
